MÉDICO,CÓD  TUSS,PROCEDIMENTO,CONVÊNIO, VALOR A PONTUAR,OBS
LAB.,40305783,17-HIDROXICORTICOSTEROIDES,VALE +/MENSALISTA, R$  110.00 ,
LAB.,40305783,17-HIDROXICORTICOSTEROIDES,PARCEIRO/SUS, R$  115.00 ,
LAB.,40305783,17-HIDROXICORTICOSTEROIDES,CLINIPAM, R$  -   , NC
LAB.,40305783,17-HIDROXICORTICOSTEROIDES,PARTICULAR, R$  120.00 ,
LAB.,40311236,"2,5 HEXANODIONA URINA",VALE +/MENSALISTA, R$  90.00 ,
LAB.,40311236,"2,5 HEXANODIONA URINA",PARCEIRO/SUS, R$  95.00 ,
LAB.,40311236,"2,5 HEXANODIONA URINA",CLINIPAM, R$  -   , NC
LAB.,40311236,"2,5 HEXANODIONA URINA",PARTICULAR, R$  100.00 ,
LAB.,40313190,ABS. ATOMICA METAIS(ARSENICO),VALE +/MENSALISTA, R$  68.00 ,
LAB.,40313190,ABS. ATOMICA METAIS(ARSENICO),PARCEIRO/SUS, R$  73.00 ,
LAB.,40313190,ABS. ATOMICA METAIS(ARSENICO),CLINIPAM, R$  -   , NC
LAB.,40313190,ABS. ATOMICA METAIS(ARSENICO),PARTICULAR, R$  78.00 ,
LAB.,40313018,AC DELTA AMINIO LEVULÃNICO,VALE +/MENSALISTA, R$  42.00 ,
LAB.,40313018,AC DELTA AMINIO LEVULÃNICO,PARCEIRO/SUS, R$  47.00 ,
LAB.,40313018,AC DELTA AMINIO LEVULÃNICO,CLINIPAM, R$  -   , NC
LAB.,40313018,AC DELTA AMINIO LEVULÃNICO,PARTICULAR, R$  52.00 ,
LAB.,50000255,AC FORMICO URINARIO,VALE +/MENSALISTA, R$  170.00 ,
LAB.,50000255,AC FORMICO URINARIO,PARCEIRO/SUS, R$  175.00 ,
LAB.,50000255,AC FORMICO URINARIO,CLINIPAM, R$  -   , NC
LAB.,50000255,AC FORMICO URINARIO,PARTICULAR, R$  180.00 ,
LAB.,,ACIDO FOLICO,VALE +/MENSALISTA, R$  32.00 ,
LAB.,,ACIDO FOLICO,PARCEIRO/SUS, R$  37.00 ,
LAB.,,ACIDO FOLICO,PARTICULAR, R$  42.00 ,
LAB.,40301087,ACIDO FOLICO,VALE +/MENSALISTA, R$  32.00 ,
LAB.,40301087,ACIDO FOLICO,PARCEIRO/SUS, R$  37.00 ,
LAB.,40301087,ACIDO FOLICO,CLINIPAM, R$  32.00 , REAJUSTAR
LAB.,40301087,ACIDO FOLICO,PARTICULAR, R$  42.00 ,
LAB.,40313042,ACIDO HIPURICO,VALE +/MENSALISTA, R$  18.85 ,
LAB.,40313042,ACIDO HIPURICO,PARCEIRO/SUS, R$  24.50 ,
LAB.,40313042,ACIDO HIPURICO,CLINIPAM, R$  -   , NC
LAB.,40313042,ACIDO HIPURICO,PARTICULAR, R$  32.00 ,
LAB.,40313050,ACIDO MANDELICO,VALE +/MENSALISTA, R$  22.00 ,
LAB.,40313050,ACIDO MANDELICO,PARCEIRO/SUS, R$  27.00 ,
LAB.,40313050,ACIDO MANDELICO,CLINIPAM, R$  -   , NC
LAB.,40313050,ACIDO MANDELICO,PARTICULAR, R$  32.00 ,
LAB.,40313069,ACIDO METILHIPURICO,VALE +/MENSALISTA, R$  19.60 ,
LAB.,40313069,ACIDO METILHIPURICO,PARCEIRO/SUS, R$  24.50 ,
LAB.,40313069,ACIDO METILHIPURICO,CLINIPAM, R$  -   , NC
LAB.,40313069,ACIDO METILHIPURICO,PARTICULAR, R$  33.50 ,
LAB.,40316793,ACIDO TRANS MUCONICO ,VALE +/MENSALISTA, R$  64.00 ,
LAB.,40316793,ACIDO TRANS MUCONICO ,PARCEIRO/SUS, R$  69.00 ,
LAB.,40316793,ACIDO TRANS MUCONICO ,CLINIPAM, R$  -   , NC
LAB.,40316793,ACIDO TRANS MUCONICO ,PARTICULAR, R$  74.00 ,
LAB.,40313280,ACIDO TRICLORACETICO,VALE +/MENSALISTA, R$  26.00 ,
LAB.,40313280,ACIDO TRICLORACETICO,PARCEIRO/SUS, R$  31.00 ,
LAB.,40313280,ACIDO TRICLORACETICO,CLINIPAM, R$  -   , NC
LAB.,40313280,ACIDO TRICLORACETICO,PARTICULAR, R$  36.00 ,
LAB.,40301150,ACIDO URICO,VALE +/MENSALISTA, R$  7.20 ,
LAB.,40301150,ACIDO URICO,PARCEIRO/SUS, R$  12.20 ,
LAB.,40301150,ACIDO URICO,CLINIPAM, R$  8.38 , OK
LAB.,40301150,ACIDO URICO,PARTICULAR, R$  17.20 ,
LAB.,,ACTH - HORMONIO ADRENOCORTICOTROFICO,VALE +/MENSALISTA, R$  52.00 ,
LAB.,,ACTH - HORMONIO ADRENOCORTICOTROFICO,PARCEIRO/SUS, R$  57.00 ,
LAB.,,ACTH - HORMONIO ADRENOCORTICOTROFICO,PARTICULAR, R$  62.00 ,
LAB.,40301222,ALBUMINA,VALE +/MENSALISTA, R$  9.00 ,
LAB.,40301222,ALBUMINA,PARCEIRO/SUS, R$  14.00 ,
LAB.,40301222,ALBUMINA,CLINIPAM, R$  -   , NC
LAB.,40301222,ALBUMINA,PARTICULAR, R$  19.00 ,
LAB.,40301230,ALDOLASE,VALE +/MENSALISTA, R$  16.00 ,
LAB.,40301230,ALDOLASE,PARCEIRO/SUS, R$  21.00 ,
LAB.,40301230,ALDOLASE,CLINIPAM, R$  -   , NC
LAB.,40301230,ALDOLASE,PARTICULAR, R$  26.00 ,
LAB.,40301257,ALFA 1- GLICOPROTEINA,VALE +/MENSALISTA, R$  18.00 ,
LAB.,40301257,ALFA 1- GLICOPROTEINA,PARCEIRO/SUS, R$  23.00 ,
LAB.,40301257,ALFA 1- GLICOPROTEINA,CLINIPAM, R$  -   , NC
LAB.,40301257,ALFA 1- GLICOPROTEINA,PARTICULAR, R$  38.00 ,
LAB.,40316068,ALFA-FETOPROTEINA,VALE +/MENSALISTA, R$  70.00 ,
LAB.,40316068,ALFA-FETOPROTEINA,PARCEIRO/SUS, R$  75.00 ,
LAB.,40316068,ALFA-FETOPROTEINA,CLINIPAM, R$  -   , NC
LAB.,40316068,ALFA-FETOPROTEINA,PARTICULAR, R$  80.00 ,
LAB.,40301281,AMILASE,VALE +/MENSALISTA, R$  11.00 ,
LAB.,40301281,AMILASE,PARCEIRO/SUS, R$  16.00 ,
LAB.,40301281,AMILASE,CLINIPAM, R$  11.00 , REAJUSTAR
LAB.,40301281,AMILASE,PARTICULAR, R$  21.00 ,
LAB.,40316076,ANDROSTENEDIONA,VALE +/MENSALISTA, R$  54.00 ,
LAB.,40316076,ANDROSTENEDIONA,PARCEIRO/SUS, R$  59.00 ,
LAB.,40316076,ANDROSTENEDIONA,CLINIPAM, R$  -   , NC
LAB.,40316076,ANDROSTENEDIONA,PARTICULAR, R$  64.00 ,
LAB.,50000250,ANTI CCP,VALE +/MENSALISTA, R$  210.00 ,
LAB.,50000250,ANTI CCP,PARCEIRO/SUS, R$  215.00 ,
LAB.,50000250,ANTI CCP,CLINIPAM, R$  -   , NC
LAB.,50000250,ANTI CCP,PARTICULAR, R$  220.00 ,
LAB.,,ANTI DNA ATIVO 2 HELICE,VALE +/MENSALISTA, R$  32.00 ,
LAB.,,ANTI DNA ATIVO 2 HELICE,PARCEIRO/SUS, R$  37.00 ,
LAB.,,ANTI DNA ATIVO 2 HELICE,CLINIPAM, R$  -   , NC
LAB.,,ANTI DNA ATIVO 2 HELICE,PARTICULAR, R$  42.00 ,
LAB.,,ANTI ENA RNP,VALE +/MENSALISTA, R$  64.00 ,
LAB.,,ANTI ENA RNP,PARCEIRO/SUS, R$  69.00 ,
LAB.,,ANTI ENA RNP,CLINIPAM, R$  -   , NC
LAB.,,ANTI ENA RNP,PARTICULAR, R$  74.00 ,
LAB.,40306259,ANTI ENDOMIZIO IGA,VALE +/MENSALISTA, R$  56.00 ,
LAB.,40306259,ANTI ENDOMIZIO IGA,PARCEIRO/SUS, R$  61.00 ,
LAB.,40306259,ANTI ENDOMIZIO IGA,CLINIPAM, R$  -   , NC
LAB.,40306259,ANTI ENDOMIZIO IGA,PARTICULAR, R$  76.00 ,
LAB.,50000269,ANTI ENDOMIZIO IGG,VALE +/MENSALISTA, R$  56.00 ,
LAB.,50000269,ANTI ENDOMIZIO IGG,PARCEIRO/SUS, R$  61.00 ,
LAB.,50000269,ANTI ENDOMIZIO IGG,CLINIPAM, R$  -   , NC
LAB.,50000269,ANTI ENDOMIZIO IGG,PARTICULAR, R$  66.00 ,
LAB.,50000270,ANTI ENDOMIZIO IGM,VALE +/MENSALISTA, R$  56.00 ,
LAB.,50000270,ANTI ENDOMIZIO IGM,PARCEIRO/SUS, R$  61.00 ,
LAB.,50000270,ANTI ENDOMIZIO IGM,CLINIPAM, R$  -   , NC
LAB.,50000270,ANTI ENDOMIZIO IGM,PARTICULAR, R$  66.00 ,
LAB.,40306950,ANTI HBC IgG (HEPATITE B),VALE +/MENSALISTA, R$  40.00 ,
LAB.,40306950,ANTI HBC IgG (HEPATITE B),PARCEIRO/SUS, R$  45.00 ,
LAB.,40306950,ANTI HBC IgG (HEPATITE B),CLINIPAM, R$  -   , NC
LAB.,40306950,ANTI HBC IgG (HEPATITE B),PARTICULAR, R$  50.00 ,
LAB.,40306968,ANTI HBC IgM (HEPATITE B),VALE +/MENSALISTA, R$  40.00 ,
LAB.,40306968,ANTI HBC IgM (HEPATITE B),PARCEIRO/SUS, R$  45.00 ,
LAB.,40306968,ANTI HBC IgM (HEPATITE B),CLINIPAM, R$  -   , NC
LAB.,40306968,ANTI HBC IgM (HEPATITE B),PARTICULAR, R$  50.00 ,
LAB.,40306976,ANTI HBE (HEPATITE B),VALE +/MENSALISTA, R$  44.00 ,
LAB.,40306976,ANTI HBE (HEPATITE B),PARCEIRO/SUS, R$  49.00 ,
LAB.,40306976,ANTI HBE (HEPATITE B),CLINIPAM, R$  -   , NC
LAB.,40306976,ANTI HBE (HEPATITE B),PARTICULAR, R$  54.00 ,
LAB.,40306992,ANTI HBS (HEPATITE B),VALE +/MENSALISTA, R$  34.00 ,
LAB.,40306992,ANTI HBS (HEPATITE B),PARCEIRO/SUS, R$  39.00 ,
LAB.,40306992,ANTI HBS (HEPATITE B),CLINIPAM, R$  -   , NC
LAB.,40306992,ANTI HBS (HEPATITE B),PARTICULAR, R$  44.00 ,
LAB.,40306933,ANTI HVA IgG (HEPATITE A),VALE +/MENSALISTA,#REF!,
LAB.,40306933,ANTI HVA IgG (HEPATITE A),PARCEIRO/SUS,#REF!,
LAB.,40306933,ANTI HVA IgG (HEPATITE A),CLINIPAM, -, NC
LAB.,40306933,ANTI HVA IgG (HEPATITE A),PARTICULAR, R$  54.00 ,
LAB.,40306941,ANTI HVA IgM (HEPATITE A),VALE +/MENSALISTA, R$  40.00 ,
LAB.,40306941,ANTI HVA IgM (HEPATITE A),PARCEIRO/SUS, R$  45.00 ,
LAB.,40306941,ANTI HVA IgM (HEPATITE A),CLINIPAM, R$  -   , NC
LAB.,40306941,ANTI HVA IgM (HEPATITE A),PARTICULAR, R$  50.00 ,
LAB.,,ANTI SM,VALE +/MENSALISTA, R$  56.00 ,
LAB.,,ANTI SM,PARCEIRO/SUS, R$  61.00 ,
LAB.,,ANTI SM,CLINIPAM, R$  -   , NC
LAB.,,ANTI SM,PARTICULAR, R$  66.00 ,
LAB.,40308553,ANTI TRANSG TECIDUAL - IGA,VALE +/MENSALISTA, R$  54.00 ,
LAB.,40308553,ANTI TRANSG TECIDUAL - IGA,PARCEIRO/SUS, R$  59.00 ,
LAB.,40308553,ANTI TRANSG TECIDUAL - IGA,CLINIPAM, R$  -   , NC
LAB.,40308553,ANTI TRANSG TECIDUAL - IGA,PARTICULAR, R$  64.00 ,
LAB.,40310418,ANTIBIOGRAMA,VALE +/MENSALISTA, R$  16.00 ,
LAB.,40310418,ANTIBIOGRAMA,PARCEIRO/SUS, R$  21.00 ,
LAB.,40310418,ANTIBIOGRAMA,CLINIPAM, R$  16.00 , REAJUSTAR
LAB.,40310418,ANTIBIOGRAMA,PARTICULAR, R$  26.00 ,
LAB.,,ANTICOAGULANTE LUPICO,VALE +/MENSALISTA, R$  90.00 ,
LAB.,,ANTICOAGULANTE LUPICO,PARCEIRO/SUS, R$  95.00 ,
LAB.,,ANTICOAGULANTE LUPICO,CLINIPAM, R$  -   , NC
LAB.,,ANTICOAGULANTE LUPICO,PARTICULAR, R$  100.00 ,
LAB.,40306305,ANTIGLIADINA (GLÃšTEN) - IgA,VALE +/MENSALISTA, R$  38.00 ,
LAB.,40306305,ANTIGLIADINA (GLÃšTEN) - IgA,PARCEIRO/SUS, R$  43.00 ,
LAB.,40306305,ANTIGLIADINA (GLÃšTEN) - IgA,CLINIPAM, -, OK
LAB.,40306305,ANTIGLIADINA (GLÃšTEN) - IgA,PARTICULAR, R$  48.00 ,
LAB.,40306313,ANTIGLIADINA (GLÃšTEN) - IgG,VALE +/MENSALISTA, R$  38.00 ,
LAB.,40306313,ANTIGLIADINA (GLÃšTEN) - IgG,PARCEIRO/SUS, R$  43.00 ,
LAB.,40306313,ANTIGLIADINA (GLÃšTEN) - IgG,CLINIPAM, R$  38.00 , REAJUSTAR
LAB.,40306313,ANTIGLIADINA (GLÃšTEN) - IgG,PARTICULAR, R$  48.00 ,
LAB.,40306321,ANTIGLIADINA (GLÃšTEN) - IgM,VALE +/MENSALISTA, R$  38.00 ,
LAB.,40306321,ANTIGLIADINA (GLÃšTEN) - IgM,PARCEIRO/SUS, R$  43.00 ,
LAB.,40306321,ANTIGLIADINA (GLÃšTEN) - IgM,CLINIPAM, R$  -   , NC
LAB.,40306321,ANTIGLIADINA (GLÃšTEN) - IgM,PARTICULAR, R$  48.00 ,
LAB.,40306089,ANTI-LA / SSB,VALE +/MENSALISTA, R$  38.00 ,
LAB.,40306089,ANTI-LA / SSB,PARCEIRO/SUS, R$  43.00 ,
LAB.,40306089,ANTI-LA / SSB,CLINIPAM, R$  -   , NC
LAB.,40306089,ANTI-LA / SSB,PARTICULAR, R$  48.00 ,
LAB.,40306348,ANTIMICROSSOMAL,VALE +/MENSALISTA, R$  42.00 ,
LAB.,40306348,ANTIMICROSSOMAL,PARCEIRO/SUS, R$  47.00 ,
LAB.,40306348,ANTIMICROSSOMAL,CLINIPAM, R$  -   , NC
LAB.,40306348,ANTIMICROSSOMAL,PARTICULAR, R$  52.00 ,
LAB.,40306119,ANTI-RO / SSA,VALE +/MENSALISTA, R$  38.00 ,
LAB.,40306119,ANTI-RO / SSA,PARCEIRO/SUS, R$  43.00 ,
LAB.,40306119,ANTI-RO / SSA,CLINIPAM, R$  -   , NC
LAB.,40306119,ANTI-RO / SSA,PARTICULAR, R$  48.00 ,
LAB.,40316157,ANTI-TPO,VALE +/MENSALISTA, R$  26.00 ,
LAB.,40316157,ANTI-TPO,PARCEIRO/SUS, R$  31.00 ,
LAB.,40316157,ANTI-TPO,CLINIPAM, R$  -   , OK
LAB.,40316157,ANTI-TPO,PARTICULAR, R$  36.00 ,
LAB.,40306445,ASO ( ASLO - PESQ LATEX ),VALE +/MENSALISTA, R$  24.00 ,
LAB.,40306445,ASO ( ASLO - PESQ LATEX ),PARCEIRO/SUS, R$  29.00 ,
LAB.,40306445,ASO ( ASLO - PESQ LATEX ),CLINIPAM, R$  -   , NC
LAB.,40306445,ASO ( ASLO - PESQ LATEX ),PARTICULAR, R$  34.00 ,
LAB.,40306461,AVIDEZ DE IGG,VALE +/MENSALISTA,,
LAB.,40306461,AVIDEZ DE IGG,PARCEIRO/SUS,,
LAB.,40306461,AVIDEZ DE IGG,CLINIPAM, R$  -   , NC
LAB.,40306461,AVIDEZ DE IGG,PARTICULAR,,
LAB.,40306470,B2 MICROBULINA,VALE +/MENSALISTA, R$  56.00 ,
LAB.,40306470,B2 MICROBULINA,PARCEIRO/SUS, R$  61.00 ,
LAB.,40306470,B2 MICROBULINA,CLINIPAM, R$  -   , NC
LAB.,40306470,B2 MICROBULINA,PARTICULAR, R$  66.00 ,
LAB.,50000262,BACT + EPU,VALE +/MENSALISTA, R$  31.00 ,
LAB.,50000262,BACT + EPU,PARCEIRO/SUS, R$  36.00 ,
LAB.,50000262,BACT + EPU,CLINIPAM, R$  -   , NC
LAB.,50000262,BACT + EPU,PARTICULAR, R$  41.00 ,
LAB.,40310060,BACT SECREÃ‡ÃƒO VAGINAL,VALE +/MENSALISTA, R$  31.00 ,
LAB.,40310060,BACT SECREÃ‡ÃƒO VAGINAL,PARCEIRO/SUS, R$  36.00 ,
LAB.,40310060,BACT SECREÃ‡ÃƒO VAGINAL,CLINIPAM, R$  -   , NC
LAB.,40310060,BACT SECREÃ‡ÃƒO VAGINAL,PARTICULAR, R$  41.00 ,
LAB.,,BACTERIOSCOPIA ( GRAM),VALE +/MENSALISTA, R$  31.00 ,
LAB.,,BACTERIOSCOPIA ( GRAM),PARCEIRO/SUS, R$  36.00 ,
LAB.,,BACTERIOSCOPIA ( GRAM),PARTICULAR, R$  41.00 ,
LAB.,,BACTERIOSCOPIA ( URINA),VALE +/MENSALISTA, R$  31.00 ,
LAB.,,BACTERIOSCOPIA ( URINA),PARCEIRO/SUS, R$  36.00 ,
LAB.,,BACTERIOSCOPIA ( URINA),PARTICULAR, R$  41.00 ,
LAB.,,BETA HCG MASCULINO - TOTAL,VALE +/MENSALISTA, R$  100.00 ,
LAB.,,BETA HCG MASCULINO - TOTAL,PARCEIRO/SUS, R$  105.00 ,
LAB.,,BETA HCG MASCULINO - TOTAL,PARTICULAR, R$  110.00 ,
LAB.,40305759,BETA HCG-QUALIT,VALE +/MENSALISTA, R$  28.00 ,
LAB.,40305759,BETA HCG-QUALIT,PARCEIRO/SUS, R$  33.00 ,
LAB.,40305759,BETA HCG-QUALIT,CLINIPAM, R$  -   , NC
LAB.,40305759,BETA HCG-QUALIT,PARTICULAR, R$  38.00 ,
LAB.,40305767,BETA HCG-QUANT,VALE +/MENSALISTA, R$  46.00 ,
LAB.,40305767,BETA HCG-QUANT,PARCEIRO/SUS, R$  51.00 ,
LAB.,40305767,BETA HCG-QUANT,CLINIPAM, R$  -   , NC
LAB.,40305767,BETA HCG-QUANT,PARTICULAR, R$  56.00 ,
LAB.,,BILIRRUBINAS,VALE +/MENSALISTA, R$  9.00 ,
LAB.,,BILIRRUBINAS,PARCEIRO/SUS, R$  14.00 ,
LAB.,,BILIRRUBINAS,PARTICULAR, R$  19.00 ,
LAB.,40301397,BILLIRRUBINAS DIR/IND/TOTAL,VALE +/MENSALISTA, R$  9.00 ,
LAB.,40301397,BILLIRRUBINAS DIR/IND/TOTAL,PARCEIRO/SUS, R$  14.00 ,
LAB.,40301397,BILLIRRUBINAS DIR/IND/TOTAL,CLINIPAM, R$  9.00 , REAJUSTAR
LAB.,40301397,BILLIRRUBINAS DIR/IND/TOTAL,PARTICULAR, R$  19.00 ,
LAB.,30101077,BIÓPSIA - MATERIAL CLÍNICA,VALE +, R$  150.00 ,
LAB.,30101077,BIÓPSIA - MATERIAL CLÍNICA,MENSALISTA, R$  160.00 ,
LAB.,30101077,BIÓPSIA - MATERIAL CLÍNICA,PARCEIRO/SUS, R$  160.00 ,
LAB.,30101077,BIÓPSIA - MATERIAL CLÍNICA,PARTICULAR, R$  160.00 ,
LAB.,30101077,BIÓPSIA - MATERIAL EXTERNO,VALE +, R$  170.00 ,
LAB.,30101077,BIÓPSIA - MATERIAL EXTERNO,MENSALISTA, R$  190.00 ,
LAB.,30101077,BIÓPSIA - MATERIAL EXTERNO,PARCEIRO/SUS, R$  210.00 ,
LAB.,30101077,BIÓPSIA - MATERIAL EXTERNO,PARTICULAR, R$  240.00 ,
LAB.,40306500,BRUCELA - IGG,VALE +/MENSALISTA, R$  42.00 ,
LAB.,40306500,BRUCELA - IGG,PARCEIRO/SUS, R$  47.00 ,
LAB.,40306500,BRUCELA - IGG,CLINIPAM, R$  -   , NC
LAB.,40306500,BRUCELA - IGG,PARTICULAR, R$  52.00 ,
LAB.,40306518,BRUCELA - IGM,VALE +/MENSALISTA, R$  42.00 ,
LAB.,40306518,BRUCELA - IGM,PARCEIRO/SUS, R$  47.00 ,
LAB.,40306518,BRUCELA - IGM,CLINIPAM, R$  -   , NC
LAB.,40306518,BRUCELA - IGM,PARTICULAR, R$  52.00 ,
LAB.,,CA 15-3,VALE +/MENSALISTA, R$  64.00 ,
LAB.,,CA 15-3,PARCEIRO/SUS, R$  69.00 ,
LAB.,,CA 15-3,PARTICULAR, R$  74.00 ,
LAB.,,CA 19-9,VALE +/MENSALISTA, R$  58.00 ,
LAB.,,CA 19-9,PARCEIRO/SUS, R$  63.00 ,
LAB.,,CA 19-9,PARTICULAR, R$  68.00 ,
LAB.,,CA 72-4,VALE +/MENSALISTA, R$  120.00 ,
LAB.,,CA 72-4,PARCEIRO/SUS, R$  125.00 ,
LAB.,,CA 72-4,PARTICULAR, R$  130.00 ,
LAB.,40304795,CÃ‰LULAS LE,VALE +/MENSALISTA,,
LAB.,40304795,CÃ‰LULAS LE,PARCEIRO/SUS,,
LAB.,40304795,CÃ‰LULAS LE,CLINIPAM, R$  -   ,NC
LAB.,40304795,CÃ‰LULAS LE,PARTICULAR,,
LAB.,,CADIOLPINA IGG,VALE +/MENSALISTA, R$  50.00 ,
LAB.,,CADIOLPINA IGG,PARCEIRO/SUS, R$  55.00 ,
LAB.,,CADIOLPINA IGG,CLINIPAM, R$  -   , NC
LAB.,,CADIOLPINA IGG,PARTICULAR, R$  60.00 ,
LAB.,,CADIOLPINA IGM,VALE +/MENSALISTA, R$  42.00 ,
LAB.,,CADIOLPINA IGM,PARCEIRO/SUS, R$  47.00 ,
LAB.,,CADIOLPINA IGM,CLINIPAM, R$  -   , NC
LAB.,,CADIOLPINA IGM,PARTICULAR, R$  52.00 ,
LAB.,,CADMIO NA URINA,VALE +/MENSALISTA, R$  50.00 ,
LAB.,,CADMIO NA URINA,PARCEIRO/SUS, R$  55.00 ,
LAB.,,CADMIO NA URINA,PARTICULAR, R$  60.00 ,
LAB.,40301400,CALCIO,VALE +/MENSALISTA, R$  10.00 ,
LAB.,40301400,CALCIO,PARCEIRO/SUS, R$  15.00 ,
LAB.,40301400,CALCIO,CLINIPAM, R$  -   , NC
LAB.,40301400,CALCIO,PARTICULAR, R$  20.00 ,
LAB.,40301419,CALCIO IONICO,VALE +/MENSALISTA, R$  20.00 ,
LAB.,40301419,CALCIO IONICO,PARCEIRO/SUS, R$  25.00 ,
LAB.,40301419,CALCIO IONICO,CLINIPAM, R$  -   , NC
LAB.,40301419,CALCIO IONICO,PARTICULAR, R$  30.00 ,
LAB.,50000257,CALCIO SÃ‰RICO,VALE +/MENSALISTA, R$  9.00 ,
LAB.,50000257,CALCIO SÃ‰RICO,PARCEIRO/SUS, R$  14.00 ,
LAB.,50000257,CALCIO SÃ‰RICO,CLINIPAM, R$  9.00 , REAJUSTAR
LAB.,50000257,CALCIO SÃ‰RICO,PARTICULAR, R$  19.00 ,
LAB.,40321363,CANABINOIDE - URINA (MACONHA),VALE +/MENSALISTA, R$  90.00 ,
LAB.,40321363,CANABINOIDE - URINA (MACONHA),PARCEIRO/SUS, R$  95.00 ,
LAB.,40321363,CANABINOIDE - URINA (MACONHA),PARTICULAR, R$  100.00 ,
LAB.,40313093,CARBOXIHEMOGLOBINA,VALE +/MENSALISTA, R$  24.00 ,
LAB.,40313093,CARBOXIHEMOGLOBINA,PARCEIRO/SUS, R$  29.00 ,
LAB.,40313093,CARBOXIHEMOGLOBINA,CLINIPAM, R$  -   , NC
LAB.,40313093,CARBOXIHEMOGLOBINA,PARTICULAR, R$  34.00 ,
LAB.,40306593,"CAXUMBA, IGG",VALE +/MENSALISTA, R$  40.00 ,
LAB.,40306593,"CAXUMBA, IGG",PARCEIRO/SUS, R$  45.00 ,
LAB.,40306593,"CAXUMBA, IGG",CLINIPAM, R$  -   , NC
LAB.,40306593,"CAXUMBA, IGG",PARTICULAR, R$  50.00 ,
LAB.,40306607,"CAXUMBA, IGM",VALE +/MENSALISTA, R$  40.00 ,
LAB.,40306607,"CAXUMBA, IGM",PARCEIRO/SUS, R$  45.00 ,
LAB.,40306607,"CAXUMBA, IGM",CLINIPAM, R$  -   , NC
LAB.,40306607,"CAXUMBA, IGM",PARTICULAR, R$  50.00 ,
LAB.,40316122,CEA,VALE +/MENSALISTA, R$  94.00 ,
LAB.,40316122,CEA,PARCEIRO/SUS, R$  99.00 ,
LAB.,40316122,CEA,CLINIPAM, R$  -   , NC
LAB.,40316122,CEA,PARTICULAR, R$  104.00 ,
LAB.,40307964,CHAGAS HEMOAGLUTINAÃ‡ÃƒO,VALE +/MENSALISTA, R$  36.00 ,
LAB.,40307964,CHAGAS HEMOAGLUTINAÃ‡ÃƒO,PARCEIRO/SUS, R$  41.00 ,
LAB.,40307964,CHAGAS HEMOAGLUTINAÃ‡ÃƒO,CLINIPAM, R$  -   , NC
LAB.,40307964,CHAGAS HEMOAGLUTINAÃ‡ÃƒO,PARTICULAR, R$  46.00 ,
LAB.,40306631,CHLAMYDIA - IGG,VALE +/MENSALISTA, R$  48.00 ,
LAB.,40306631,CHLAMYDIA - IGG,PARCEIRO/SUS, R$  53.00 ,
LAB.,40306631,CHLAMYDIA - IGG,CLINIPAM, R$  48.00 , REAJUSTAR
LAB.,40306631,CHLAMYDIA - IGG,PARTICULAR, R$  58.00 ,
LAB.,40306640,CHLAMYDIA - IGM,VALE +/MENSALISTA, R$  48.00 ,
LAB.,40306640,CHLAMYDIA - IGM,PARCEIRO/SUS, R$  53.00 ,
LAB.,40306640,CHLAMYDIA - IGM,CLINIPAM, R$  48.00 , REAJUSTAR
LAB.,40306640,CHLAMYDIA - IGM,PARTICULAR, R$  58.00 ,
LAB.,40313107,CHUMBO (URINA),VALE +/MENSALISTA, R$  42.00 ,
LAB.,40313107,CHUMBO (URINA),PARCEIRO/SUS, R$  47.00 ,
LAB.,40313107,CHUMBO (URINA),CLINIPAM, R$  -   , NC
LAB.,40313107,CHUMBO (URINA),PARTICULAR, R$  52.00 ,
LAB.,40306658,"CISTICERCOSE, AC",VALE +/MENSALISTA, R$  34.00 ,
LAB.,40306658,"CISTICERCOSE, AC",PARCEIRO/SUS, R$  39.00 ,
LAB.,40306658,"CISTICERCOSE, AC",CLINIPAM, R$  -   , NC
LAB.,40306658,"CISTICERCOSE, AC",PARTICULAR, R$  44.00 ,
LAB.,40306666,CITO IGG,VALE +/MENSALISTA, R$  40.00 ,
LAB.,40306666,CITO IGG,PARCEIRO/SUS, R$  45.00 ,
LAB.,40306666,CITO IGG,CLINIPAM, R$  -   , NC
LAB.,40306666,CITO IGG,PARTICULAR, R$  50.00 ,
LAB.,40306674,CITO IGM,VALE +/MENSALISTA, R$  36.00 ,
LAB.,40306674,CITO IGM,PARCEIRO/SUS, R$  41.00 ,
LAB.,40306674,CITO IGM,CLINIPAM, R$  -   , NC
LAB.,40306674,CITO IGM,PARTICULAR, R$  46.00 ,
LAB.,,CITOMEGALOVIRUS IgG,VALE +/MENSALISTA, R$  40.00 ,
LAB.,,CITOMEGALOVIRUS IgG,PARCEIRO/SUS, R$  45.00 ,
LAB.,,CITOMEGALOVIRUS IgG,PARTICULAR, R$  50.00 ,
LAB.,,CITOMEGALOVIRUS IgM,VALE +/MENSALISTA, R$  36.00 ,
LAB.,,CITOMEGALOVIRUS IgM,PARCEIRO/SUS, R$  41.00 ,
LAB.,,CITOMEGALOVIRUS IgM,PARTICULAR, R$  46.00 ,
LAB.,,CK - MB,VALE +/MENSALISTA, R$  22.00 ,
LAB.,,CK - MB,PARCEIRO/SUS, R$  27.00 ,
LAB.,,CK - MB,PARTICULAR, R$  32.00 ,
LAB.,40301508,CLEARANCE DE CREATININA,VALE +/MENSALISTA, R$  24.00 ,
LAB.,40301508,CLEARANCE DE CREATININA,PARCEIRO/SUS, R$  29.00 ,
LAB.,40301508,CLEARANCE DE CREATININA,CLINIPAM, R$  24.00 , REAJUSTAR
LAB.,40301508,CLEARANCE DE CREATININA,PARTICULAR, R$  34.00 ,
LAB.,,CLEARENCE DE UREIA,VALE +/MENSALISTA, R$  28.00 ,
LAB.,,CLEARENCE DE UREIA,PARCEIRO/SUS, R$  33.00 ,
LAB.,,CLEARENCE DE UREIA,PARTICULAR, R$  38.00 ,
LAB.,40312046,CLORETOS - CL,VALE +/MENSALISTA, R$  8.00 ,
LAB.,40312046,CLORETOS - CL,PARCEIRO/SUS, R$  13.00 ,
LAB.,40312046,CLORETOS - CL,CLINIPAM,, NC
LAB.,40312046,CLORETOS - CL,PARTICULAR, R$  18.00 ,
LAB.,,CLORO,VALE +/MENSALISTA, R$  8.00 ,
LAB.,,CLORO,PARCEIRO/SUS, R$  13.00 ,
LAB.,,CLORO,PARTICULAR, R$  18.00 ,
LAB.,40304922,COAGULOGRAMA,VALE +/MENSALISTA, R$  42.00 ,
LAB.,40304922,COAGULOGRAMA,PARCEIRO/SUS, R$  47.00 ,
LAB.,40304922,COAGULOGRAMA,CLINIPAM, R$  42.00 , REAJUSTAR
LAB.,40304922,COAGULOGRAMA,PARTICULAR, R$  52.00 ,
LAB.,40301567,COBRE-SANGUINIO,VALE +/MENSALISTA, R$  32.00 ,
LAB.,40301567,COBRE-SANGUINIO,PARCEIRO/SUS, R$  37.00 ,
LAB.,40301567,COBRE-SANGUINIO,CLINIPAM, R$  -   , NC
LAB.,40301567,COBRE-SANGUINIO,PARTICULAR, R$  42.00 ,
LAB.,40301605,COLESTEROL TOTAL,VALE +/MENSALISTA, R$  8.00 ,
LAB.,40301605,COLESTEROL TOTAL,PARCEIRO/SUS, R$  13.00 ,
LAB.,40301605,COLESTEROL TOTAL,CLINIPAM, R$  8.00 , REAJUSTAR
LAB.,40301605,COLESTEROL TOTAL,PARTICULAR, R$  18.00 ,
LAB.,50000254,COLESTEROL TOTAL + FRAÃ‡OES,VALE +/MENSALISTA, R$  52.00 ,
LAB.,50000254,COLESTEROL TOTAL + FRAÃ‡OES,PARCEIRO/SUS, R$  57.00 ,
LAB.,50000254,COLESTEROL TOTAL + FRAÃ‡OES,CLINIPAM, R$  -   , NC
LAB.,50000254,COLESTEROL TOTAL + FRAÃ‡OES,PARTICULAR, R$  62.00 ,
LAB.,40302695,COLESTEROL VLDL,VALE +/MENSALISTA, R$  16.00 ,
LAB.,40302695,COLESTEROL VLDL,PARCEIRO/SUS, R$  21.00 ,
LAB.,40302695,COLESTEROL VLDL,CLINIPAM, R$  16.00 , REAJUSTAR
LAB.,40302695,COLESTEROL VLDL,PARTICULAR, R$  26.00 ,
LAB.,40313115,COLINESTERASE ,VALE +/MENSALISTA, R$  25.00 ,
LAB.,40313115,COLINESTERASE ,PARCEIRO/SUS, R$  28.00 ,
LAB.,40313115,COLINESTERASE ,CLINIPAM, R$  -   , NC
LAB.,40313115,COLINESTERASE ,PARTICULAR, R$  38.00 ,
LAB.,40306704,COMPLEMENTO C3,VALE +/MENSALISTA, R$  26.00 ,
LAB.,40306704,COMPLEMENTO C3,PARCEIRO/SUS, R$  31.00 ,
LAB.,40306704,COMPLEMENTO C3,CLINIPAM, R$  -   , NC
LAB.,40306704,COMPLEMENTO C3,PARTICULAR, R$  36.00 ,
LAB.,40306712,COMPLEMENTO C4,VALE +/MENSALISTA, R$  26.00 ,
LAB.,40306712,COMPLEMENTO C4,PARCEIRO/SUS, R$  31.00 ,
LAB.,40306712,COMPLEMENTO C4,PARTICULAR, R$  36.00 ,
LAB.,40304108,COOMBS DIRETO,VALE +/MENSALISTA, R$  12.00 ,
LAB.,40304108,COOMBS DIRETO,PARCEIRO/SUS, R$  17.00 ,
LAB.,40304108,COOMBS DIRETO,CLINIPAM, R$  -   , NC
LAB.,40304108,COOMBS DIRETO,PARTICULAR, R$  22.00 ,
LAB.,40304884,COOMBS INDIRETO,VALE +/MENSALISTA, R$  12.00 ,
LAB.,40304884,COOMBS INDIRETO,PARCEIRO/SUS, R$  17.00 ,
LAB.,40304884,COOMBS INDIRETO,CLINIPAM, R$  12.00 , REAJUSTAR
LAB.,40304884,COOMBS INDIRETO,PARTICULAR, R$  22.00 ,
LAB.,40303039,COPROLOGICO FUNC,VALE +/MENSALISTA, R$  48.00 ,
LAB.,40303039,COPROLOGICO FUNC,PARCEIRO/SUS, R$  53.00 ,
LAB.,40303039,COPROLOGICO FUNC,CLINIPAM, R$  -   , NC
LAB.,40303039,COPROLOGICO FUNC,PARTICULAR, R$  58.00 ,
LAB.,50000263,COPROPARASITOLÃ“GICO,VALE +/MENSALISTA,,
LAB.,50000263,COPROPARASITOLÃ“GICO,PARCEIRO/SUS,,
LAB.,50000263,COPROPARASITOLÃ“GICO,CLINIPAM,, NC
LAB.,50000263,COPROPARASITOLÃ“GICO,PARTICULAR,,
LAB.,40316190,CORTISOL,VALE +/MENSALISTA, R$  34.00 ,
LAB.,40316190,CORTISOL,PARCEIRO/SUS, R$  39.00 ,
LAB.,40316190,CORTISOL,CLINIPAM, R$  -   , NC
LAB.,40316190,CORTISOL,PARTICULAR, R$  44.00 ,
LAB.,,CREATINA,VALE +/MENSALISTA, R$  104.00 ,
LAB.,,CREATINA,PARCEIRO/SUS, R$  109.00 ,
LAB.,,CREATINA,PARTICULAR, R$  114.00 ,
LAB.,40301630,CREATININA,VALE +/MENSALISTA, R$  10.00 ,
LAB.,40301630,CREATININA,PARCEIRO/SUS, R$  15.00 ,
LAB.,40301630,CREATININA,CLINIPAM, R$  -   , NC
LAB.,40301630,CREATININA,PARTICULAR, R$  20.00 ,
LAB.,40301664,CREATINO FOSFOQ - MB-ATIVID - CPK,VALE +/MENSALISTA, R$  22.00 ,
LAB.,40301664,CREATINO FOSFOQ - MB-ATIVID - CPK,PARCEIRO/SUS, R$  27.00 ,
LAB.,40301664,CREATINO FOSFOQ - MB-ATIVID - CPK,CLINIPAM, R$  22.00 , REAJUSTAR
LAB.,40301664,CREATINO FOSFOQ - MB-ATIVID - CPK,PARTICULAR, R$  32.00 ,
LAB.,40301656,CREATINO FOSFOQ - MB-MASSA,VALE +/MENSALISTA, R$  22.00 ,
LAB.,40301656,CREATINO FOSFOQ - MB-MASSA,PARCEIRO/SUS, R$  27.00 ,
LAB.,40301656,CREATINO FOSFOQ - MB-MASSA,CLINIPAM, R$  22.00 , REAJUSTAR
LAB.,40301656,CREATINO FOSFOQ - MB-MASSA,PARTICULAR, R$  32.00 ,
LAB.,40313310,CROMO URINARIO,VALE +/MENSALISTA, R$  40.00 ,
LAB.,40313310,CROMO URINARIO,PARCEIRO/SUS, R$  45.00 ,
LAB.,40313310,CROMO URINARIO,CLINIPAM, R$  -   , NC
LAB.,40313310,CROMO URINARIO,PARTICULAR, R$  50.00 ,
LAB.,40310078,CULT CHLAMYDIA,VALE +/MENSALISTA, R$  52.00 ,
LAB.,40310078,CULT CHLAMYDIA,PARCEIRO/SUS, R$  57.00 ,
LAB.,40310078,CULT CHLAMYDIA,CLINIPAM, R$  -   , NC
LAB.,40310078,CULT CHLAMYDIA,PARTICULAR, R$  62.00 ,
LAB.,50000240,CULT ORORFARINGE ANTIB,VALE +/MENSALISTA, R$  52.00 ,
LAB.,50000240,CULT ORORFARINGE ANTIB,PARCEIRO/SUS, R$  57.00 ,
LAB.,50000240,CULT ORORFARINGE ANTIB,CLINIPAM, R$  -   , NC
LAB.,50000240,CULT ORORFARINGE ANTIB,PARTICULAR, R$  62.00 ,
LAB.,50000241,CULT SEC OROFARINGE,VALE +/MENSALISTA, R$  52.00 ,
LAB.,50000241,CULT SEC OROFARINGE,PARCEIRO/SUS, R$  57.00 ,
LAB.,50000241,CULT SEC OROFARINGE,CLINIPAM, R$  -   , NC
LAB.,50000241,CULT SEC OROFARINGE,PARTICULAR, R$  62.00 ,
LAB.,40310221,CULT SEC VAGINAL (STREPTOCOCCUS B),VALE +/MENSALISTA, R$  52.00 ,
LAB.,40310221,CULT SEC VAGINAL (STREPTOCOCCUS B),PARCEIRO/SUS, R$  57.00 ,
LAB.,40310221,CULT SEC VAGINAL (STREPTOCOCCUS B),CLINIPAM, R$  -   , NC
LAB.,40310221,CULT SEC VAGINAL (STREPTOCOCCUS B),PARTICULAR, R$  62.00 ,
LAB.,40310124,CULTURA BACTERIANA,VALE +/MENSALISTA, R$  36.00 ,
LAB.,40310124,CULTURA BACTERIANA,PARCEIRO/SUS, R$  41.00 ,
LAB.,40310124,CULTURA BACTERIANA,CLINIPAM, R$  -   , NC
LAB.,40310124,CULTURA BACTERIANA,PARTICULAR, R$  46.00 ,
LAB.,,CULTURA DE SECREÇÃO VAGINAL,VALE +/MENSALISTA, R$  80.00 ,
LAB.,,CULTURA DE SECREÇÃO VAGINAL,PARCEIRO/SUS, R$  85.00 ,
LAB.,,CULTURA DE SECREÇÃO VAGINAL,PARTICULAR, R$  90.00 ,
LAB.,50000453,CULTURA DE URINA,VALE +/MENSALISTA, R$  16.00 ,
LAB.,50000453,CULTURA DE URINA,PARCEIRO/SUS, R$  21.00 ,
LAB.,50000453,CULTURA DE URINA,PARTICULAR, R$  26.00 ,
LAB.,40310183,CULTURA FEZES (COPROCULTURA),VALE +/MENSALISTA, R$  16.00 ,
LAB.,40310183,CULTURA FEZES (COPROCULTURA),PARCEIRO/SUS, R$  21.00 ,
LAB.,40310183,CULTURA FEZES (COPROCULTURA),CLINIPAM, R$  -   , NC
LAB.,40310183,CULTURA FEZES (COPROCULTURA),PARTICULAR, R$  26.00 ,
LAB.,50000243,CULTURA GONORREIA ,VALE +/MENSALISTA, R$  52.00 ,
LAB.,50000243,CULTURA GONORREIA ,PARCEIRO/SUS, R$  57.00 ,
LAB.,50000243,CULTURA GONORREIA ,CLINIPAM, R$  -   , NC
LAB.,50000243,CULTURA GONORREIA ,PARTICULAR, R$  62.00 ,
LAB.,50000244,CULTURA P/ MUCOPLASMA 55,VALE +/MENSALISTA, R$  52.00 ,
LAB.,50000244,CULTURA P/ MUCOPLASMA 55,PARCEIRO/SUS, R$  57.00 ,
LAB.,50000244,CULTURA P/ MUCOPLASMA 55,CLINIPAM,, NC
LAB.,50000244,CULTURA P/ MUCOPLASMA 55,PARTICULAR, R$  62.00 ,
LAB.,,CULTURA PARA ESTREPTOCOCOS AGALACTIE ( VAGINAL),VALE +/MENSALISTA, R$  52.00 ,
LAB.,,CULTURA PARA ESTREPTOCOCOS AGALACTIE ( VAGINAL),PARCEIRO/SUS, R$  57.00 ,
LAB.,,CULTURA PARA ESTREPTOCOCOS AGALACTIE ( VAGINAL),PARTICULAR, R$  62.00 ,
LAB.,,CULTURA PARA ESTREPTOCOCOS AGALACTIE (PERINEAL),VALE +/MENSALISTA, R$  56.00 ,
LAB.,,CULTURA PARA ESTREPTOCOCOS AGALACTIE (PERINEAL),PARCEIRO/SUS, R$  61.00 ,
LAB.,,CULTURA PARA ESTREPTOCOCOS AGALACTIE (PERINEAL),PARTICULAR, R$  66.00 ,
LAB.,40310140,CULTURA PARA FUNGOS,VALE +/MENSALISTA, R$  40.00 ,
LAB.,40310140,CULTURA PARA FUNGOS,PARCEIRO/SUS, R$  45.00 ,
LAB.,40310140,CULTURA PARA FUNGOS,CLINIPAM, R$  -   , NC
LAB.,40310140,CULTURA PARA FUNGOS,PARTICULAR, R$  50.00 ,
LAB.,50000245,CULTURA SS E. COLI,VALE +/MENSALISTA, R$  52.00 ,
LAB.,50000245,CULTURA SS E. COLI,PARCEIRO/SUS, R$  57.00 ,
LAB.,50000245,CULTURA SS E. COLI,CLINIPAM, R$  -   , NC
LAB.,50000245,CULTURA SS E. COLI,PARTICULAR, R$  62.00 ,
LAB.,50000246,CULTURA UREAPLASMA,VALE +/MENSALISTA, R$  50.00 ,
LAB.,50000246,CULTURA UREAPLASMA,PARCEIRO/SUS, R$  55.00 ,
LAB.,50000246,CULTURA UREAPLASMA,CLINIPAM, R$  -   , NC
LAB.,50000246,CULTURA UREAPLASMA,PARTICULAR, R$  60.00 ,
LAB.,,CULTURA URINA,VALE +/MENSALISTA, R$  16.00 ,
LAB.,,CULTURA URINA,PARCEIRO/SUS, R$  21.00 ,
LAB.,,CULTURA URINA,PARTICULAR, R$  26.00 ,
LAB.,40310205,"CULTURA, MICOPLASMA",VALE +/MENSALISTA, R$  50.00 ,
LAB.,40310205,"CULTURA, MICOPLASMA",PARCEIRO/SUS, R$  55.00 ,
LAB.,40310205,"CULTURA, MICOPLASMA",CLINIPAM, R$  50.00 , REAJUSTAR
LAB.,40310205,"CULTURA, MICOPLASMA",PARTICULAR, R$  60.00 ,
LAB.,,"CURVA GLICEMIA GESTANTE - JEJUM,60M,120M",VALE +/MENSALISTA, R$  46.00 ,
LAB.,,"CURVA GLICEMIA GESTANTE - JEJUM,60M,120M",PARCEIRO/SUS, R$  51.00 ,
LAB.,,"CURVA GLICEMIA GESTANTE - JEJUM,60M,120M",PARTICULAR, R$  56.00 ,
LAB.,40301680,CURVA GLICEMICA (4 DOSES),VALE +/MENSALISTA, R$  70.00 ,
LAB.,40301680,CURVA GLICEMICA (4 DOSES),PARCEIRO/SUS, R$  75.00 ,
LAB.,40301680,CURVA GLICEMICA (4 DOSES),CLINIPAM, R$  -   , NC
LAB.,40301680,CURVA GLICEMICA (4 DOSES),PARTICULAR, R$  80.00 ,
LAB.,50000247,D DIMERO,VALE +/MENSALISTA, R$  154.00 ,
LAB.,50000247,D DIMERO,PARCEIRO/SUS, R$  159.00 ,
LAB.,50000247,D DIMERO,CLINIPAM, R$  -   , NC
LAB.,50000247,D DIMERO,PARTICULAR, R$  164.00 ,
LAB.,,DENGUE IgG,VALE +/MENSALISTA, R$  112.00 ,
LAB.,,DENGUE IgG,PARCEIRO/SUS, R$  117.00 ,
LAB.,,DENGUE IgG,PARTICULAR, R$  122.00 ,
LAB.,,DENGUE Igm,VALE +/MENSALISTA, R$  112.00 ,
LAB.,,DENGUE Igm,PARCEIRO/SUS, R$  117.00 ,
LAB.,,DENGUE Igm,PARTICULAR, R$  122.00 ,
LAB.,40301729,DESIDROGENASE LACTICA - LDH,VALE +/MENSALISTA, R$  16.00 ,
LAB.,40301729,DESIDROGENASE LACTICA - LDH,PARCEIRO/SUS, R$  21.00 ,
LAB.,40301729,DESIDROGENASE LACTICA - LDH,CLINIPAM, R$  16.00 , REAJUSTAR
LAB.,40301729,DESIDROGENASE LACTICA - LDH,PARTICULAR, R$  26.00 ,
LAB.,40316211,DHEA,VALE +/MENSALISTA, R$  50.00 ,
LAB.,40316211,DHEA,PARCEIRO/SUS, R$  55.00 ,
LAB.,40316211,DHEA,CLINIPAM, R$  -   , NC
LAB.,40316211,DHEA,PARTICULAR, R$  60.00 ,
LAB.,,DHT - DEHIDROTESTOOSTERONA ,VALE +/MENSALISTA, R$  64.00 ,
LAB.,,DHT - DEHIDROTESTOOSTERONA ,PARCEIRO/SUS, R$  69.00 ,
LAB.,,DHT - DEHIDROTESTOOSTERONA ,PARTICULAR, R$  74.00 ,
LAB.,,DIMERO D,VALE +/MENSALISTA, R$  154.00 ,
LAB.,,DIMERO D,PARCEIRO/SUS, R$  159.00 ,
LAB.,,DIMERO D,PARTICULAR, R$  164.00 ,
LAB.,40301354,DOSAGEM APO A,CLINIPAM, R$  -   , NC
LAB.,40301761,ELETROFERESE DE PROTEINAS,VALE +/MENSALISTA, R$  26.00 ,
LAB.,40301761,ELETROFERESE DE PROTEINAS,PARCEIRO/SUS, R$  31.00 ,
LAB.,40301761,ELETROFERESE DE PROTEINAS,CLINIPAM, R$  -   , NC
LAB.,40301761,ELETROFERESE DE PROTEINAS,PARTICULAR, R$  36.00 ,
LAB.,40304353,ELETROFORESE DE HEMOGLOBINA,VALE +/MENSALISTA, R$  38.00 ,
LAB.,40304353,ELETROFORESE DE HEMOGLOBINA,PARCEIRO/SUS, R$  43.00 ,
LAB.,40304353,ELETROFORESE DE HEMOGLOBINA,CLINIPAM, R$  -   , NC
LAB.,40304353,ELETROFORESE DE HEMOGLOBINA,PARTICULAR, R$  48.00 ,
LAB.,40311210,EPU (PARCIAL DE URINA),VALE +/MENSALISTA, R$  10.00 ,
LAB.,40311210,EPU (PARCIAL DE URINA),PARCEIRO/SUS, R$  15.00 ,
LAB.,40311210,EPU (PARCIAL DE URINA),CLINIPAM, R$  -   , NC
LAB.,40311210,EPU (PARCIAL DE URINA),PARTICULAR, R$  20.00 ,
LAB.,40309312,ESPERMOGRAMA,VALE +/MENSALISTA, R$  100.00 ,
LAB.,40309312,ESPERMOGRAMA,PARCEIRO/SUS, R$  105.00 ,
LAB.,40309312,ESPERMOGRAMA,CLINIPAM, R$  -   , NC
LAB.,40309312,ESPERMOGRAMA,PARTICULAR, R$  110.00 ,
LAB.,40316246,ESTRADIOL,VALE +/MENSALISTA, R$  40.00 ,
LAB.,40316246,ESTRADIOL,PARCEIRO/SUS, R$  45.00 ,
LAB.,40316246,ESTRADIOL,CLINIPAM, R$  -   , NC
LAB.,40316246,ESTRADIOL,PARTICULAR, R$  50.00 ,
LAB.,40316254,ESTRIOL,VALE +/MENSALISTA, R$  32.00 ,
LAB.,40316254,ESTRIOL,PARCEIRO/SUS, R$  37.00 ,
LAB.,40316254,ESTRIOL,CLINIPAM, R$  50.72 , OK
LAB.,40316254,ESTRIOL,PARTICULAR, R$  42.00 ,
LAB.,40316262,ESTRONA,VALE +/MENSALISTA, R$  32.00 ,
LAB.,40316262,ESTRONA,PARCEIRO/SUS, R$  37.00 ,
LAB.,40316262,ESTRONA,CLINIPAM, R$  -   , NC
LAB.,40316262,ESTRONA,PARTICULAR, R$  42.00 ,
LAB.,40313140,ETANOL,VALE +/MENSALISTA, R$  50.00 ,
LAB.,40313140,ETANOL,PARCEIRO/SUS, R$  55.00 ,
LAB.,40313140,ETANOL,CLINIPAM, R$  -   , NC
LAB.,40313140,ETANOL,PARTICULAR, R$  60.00 ,
LAB.,,EXAME A FRESCO,VALE +/MENSALISTA, R$  10.00 ,
LAB.,,EXAME A FRESCO,PARCEIRO/SUS, R$  15.00 ,
LAB.,,EXAME A FRESCO,PARTICULAR, R$  20.00 ,
LAB.,40306852,FAN,VALE +/MENSALISTA, R$  18.40 ,
LAB.,40306852,FAN,PARCEIRO/SUS, R$  23.40 ,
LAB.,40306852,FAN,CLINIPAM, R$  -   , NC
LAB.,40306852,FAN,PARTICULAR, R$  28.40 ,
LAB.,40308030,FATOR REUMATOIDE (LÃTEX),VALE +/MENSALISTA, R$  12.00 ,
LAB.,40308030,FATOR REUMATOIDE (LÃTEX),PARCEIRO/SUS, R$  17.00 ,
LAB.,40308030,FATOR REUMATOIDE (LÃTEX),CLINIPAM, R$  -   , NC
LAB.,40308030,FATOR REUMATOIDE (LÃTEX),PARTICULAR, R$  22.00 ,
LAB.,40306860,FATOR REUMATOIDE QUANTITATIVO,VALE +/MENSALISTA, R$  12.00 ,
LAB.,40306860,FATOR REUMATOIDE QUANTITATIVO,PARCEIRO/SUS, R$  17.00 ,
LAB.,40306860,FATOR REUMATOIDE QUANTITATIVO,CLINIPAM, R$  -   , NC
LAB.,40306860,FATOR REUMATOIDE QUANTITATIVO,PARTICULAR, R$  22.00 ,
LAB.,40403173,FATOR RH,VALE +/MENSALISTA, R$  4.00 ,
LAB.,40403173,FATOR RH,PARCEIRO/SUS, R$  9.00 ,
LAB.,40403173,FATOR RH,CLINIPAM, R$  -   , NC
LAB.,40403173,FATOR RH,PARTICULAR, R$  14.00 ,
LAB.,40313158,"FENOL (PARA BENZENO, FENOL",VALE +/MENSALISTA, R$  32.00 ,
LAB.,40313158,"FENOL (PARA BENZENO, FENOL",PARCEIRO/SUS, R$  37.00 ,
LAB.,40313158,"FENOL (PARA BENZENO, FENOL",CLINIPAM, R$  -   , NC
LAB.,40313158,"FENOL (PARA BENZENO, FENOL",PARTICULAR, R$  42.00 ,
LAB.,40316270,FERRITINA,VALE +/MENSALISTA, R$  36.00 ,
LAB.,40316270,FERRITINA,PARCEIRO/SUS, R$  41.00 ,
LAB.,40316270,FERRITINA,CLINIPAM, R$  36.00 , REAJUSTAR
LAB.,40316270,FERRITINA,PARTICULAR, R$  46.00 ,
LAB.,40301842,FERRO SÉRICO,VALE +/MENSALISTA, R$  10.00 ,
LAB.,40301842,FERRO SÉRICO,PARCEIRO/SUS, R$  15.00 ,
LAB.,40301842,FERRO SÉRICO,CLINIPAM, R$  10.00 , REAJUSTAR
LAB.,40301842,FERRO SÉRICO,PARTICULAR, R$  20.00 ,
LAB.,,FIBRINOGENIO,VALE +/MENSALISTA, R$  32.00 ,
LAB.,,FIBRINOGENIO,PARCEIRO/SUS, R$  37.00 ,
LAB.,,FIBRINOGENIO,PARTICULAR, R$  42.00 ,
LAB.,40313166,FLUOR (PARA FLUORETOS),VALE +/MENSALISTA, R$  32.00 ,
LAB.,40313166,FLUOR (PARA FLUORETOS),PARCEIRO/SUS, R$  37.00 ,
LAB.,40313166,FLUOR (PARA FLUORETOS),CLINIPAM, R$  -   , NC
LAB.,40313166,FLUOR (PARA FLUORETOS),PARTICULAR, R$  42.00 ,
LAB.,40301850,FORMALDEIDO,VALE +/MENSALISTA, R$  38.00 ,
LAB.,40301850,FORMALDEIDO,PARCEIRO/SUS, R$  43.00 ,
LAB.,40301850,FORMALDEIDO,CLINIPAM, R$  -   , NC
LAB.,40301850,FORMALDEIDO,PARTICULAR, R$  48.00 ,
LAB.,40301885,FOSFATSE ALCALINA,VALE +/MENSALISTA, R$  8.50 ,
LAB.,40301885,FOSFATSE ALCALINA,PARCEIRO/SUS, R$  13.50 ,
LAB.,40301885,FOSFATSE ALCALINA,CLINIPAM, R$  8.50 , REAJUSTAR
LAB.,40301885,FOSFATSE ALCALINA,PARTICULAR, R$  18.50 ,
LAB.,40301923,FOSFOLIPIDIOS,VALE +/MENSALISTA, R$  24.00 ,
LAB.,40301923,FOSFOLIPIDIOS,PARCEIRO/SUS, R$  29.00 ,
LAB.,40301923,FOSFOLIPIDIOS,CLINIPAM, R$  -   , NC
LAB.,40301923,FOSFOLIPIDIOS,PARTICULAR, R$  34.00 ,
LAB.,40301931,FOSOFORO,VALE +/MENSALISTA, R$  10.00 ,
LAB.,40301931,FOSOFORO,PARCEIRO/SUS, R$  15.00 ,
LAB.,40301931,FOSOFORO,CLINIPAM, R$  -   , NC
LAB.,40301931,FOSOFORO,PARTICULAR, R$  20.00 ,
LAB.,40301958,FRUTOSAMINAS,VALE +/MENSALISTA, R$  16.00 ,
LAB.,40301958,FRUTOSAMINAS,PARCEIRO/SUS, R$  21.00 ,
LAB.,40301958,FRUTOSAMINAS,CLINIPAM, R$  -   , NC
LAB.,40301958,FRUTOSAMINAS,PARTICULAR, R$  26.00 ,
LAB.,40316289,FSH,VALE +/MENSALISTA, R$  30.00 ,
LAB.,40316289,FSH,PARCEIRO/SUS, R$  35.00 ,
LAB.,40316289,FSH,CLINIPAM, R$  30.00 , REAJUSTAR
LAB.,40316289,FSH,PARTICULAR, R$  40.00 ,
LAB.,40307735,FTA-ABS IGG,VALE +/MENSALISTA, R$  44.00 ,
LAB.,40307735,FTA-ABS IGG,PARCEIRO/SUS, R$  49.00 ,
LAB.,40307735,FTA-ABS IGG,CLINIPAM, R$  -   , NC
LAB.,40307735,FTA-ABS IGG,PARTICULAR, R$  54.00 ,
LAB.,40307743,FTA-ABS IGM,VALE +/MENSALISTA, R$  44.00 ,
LAB.,40307743,FTA-ABS IGM,PARCEIRO/SUS, R$  49.00 ,
LAB.,40307743,FTA-ABS IGM,CLINIPAM, R$  -   , NC
LAB.,40307743,FTA-ABS IGM,PARTICULAR, R$  54.00 ,
LAB.,40301990,GAMA GT,VALE +/MENSALISTA, R$  10.00 ,
LAB.,40301990,GAMA GT,PARCEIRO/SUS, R$  15.00 ,
LAB.,40301990,GAMA GT,CLINIPAM, R$  10.00 , REAJUSTAR
LAB.,40301990,GAMA GT,PARTICULAR, R$  20.00 ,
LAB.,40302032,GLIC APOS CARGA COM GLICOSE,VALE +/MENSALISTA, R$  46.00 ,
LAB.,40302032,GLIC APOS CARGA COM GLICOSE,PARCEIRO/SUS, R$  51.00 ,
LAB.,40302032,GLIC APOS CARGA COM GLICOSE,CLINIPAM, R$  49.08 , OK
LAB.,40302032,GLIC APOS CARGA COM GLICOSE,PARTICULAR, R$  56.00 ,
LAB.,40302040,GLICOSE (GLICEMIA DE JEJUM),VALE +/MENSALISTA, R$  9.00 ,
LAB.,40302040,GLICOSE (GLICEMIA DE JEJUM),PARCEIRO/SUS, R$  14.50 ,
LAB.,40302040,GLICOSE (GLICEMIA DE JEJUM),CLINIPAM, R$  9.50 , REAJUSTAR
LAB.,40302040,GLICOSE (GLICEMIA DE JEJUM),PARTICULAR, R$  19.50 ,
LAB.,40303055,GORDURA FECAL,VALE +/MENSALISTA, R$  10.00 ,
LAB.,40303055,GORDURA FECAL,PARCEIRO/SUS, R$  15.00 ,
LAB.,40303055,GORDURA FECAL,CLINIPAM, R$  -   , NC
LAB.,40303055,GORDURA FECAL,PARTICULAR, R$  20.00 ,
LAB.,40304280,GRUPO ABO,VALE +/MENSALISTA, R$  4.00 ,
LAB.,40304280,GRUPO ABO,PARCEIRO/SUS, R$  9.00 ,
LAB.,40304280,GRUPO ABO,CLINIPAM, R$  10.29 , OK
LAB.,40304280,GRUPO ABO,PARTICULAR, R$  14.00 ,
LAB.,40306984,HBeAg (HEPATITE B),VALE +/MENSALISTA, R$  44.00 ,
LAB.,40306984,HBeAg (HEPATITE B),PARCEIRO/SUS, R$  49.00 ,
LAB.,40306984,HBeAg (HEPATITE B),CLINIPAM, R$  -   , NC
LAB.,40306984,HBeAg (HEPATITE B),PARTICULAR, R$  54.00 ,
LAB.,40316114,HBSAG - ANTIGENO AUSTRALIA,VALE +/MENSALISTA, R$  28.00 ,
LAB.,40316114,HBSAG - ANTIGENO AUSTRALIA,PARCEIRO/SUS, R$  33.00 ,
LAB.,40316114,HBSAG - ANTIGENO AUSTRALIA,CLINIPAM, R$  -   , NC
LAB.,40316114,HBSAG - ANTIGENO AUSTRALIA,PARTICULAR, R$  38.00 ,
LAB.,40307018,HBSAG (HEPATITE B),VALE +/MENSALISTA, R$  28.00 ,
LAB.,40307018,HBSAG (HEPATITE B),PARCEIRO/SUS, R$  33.00 ,
LAB.,40307018,HBSAG (HEPATITE B),CLINIPAM, R$  28.00 , REAJUSTAR
LAB.,40307018,HBSAG (HEPATITE B),PARTICULAR, R$  38.00 ,
LAB.,40301583,HDL,VALE +/MENSALISTA, R$  10.00 ,
LAB.,40301583,HDL,PARCEIRO/SUS, R$  15.00 ,
LAB.,40301583,HDL,CLINIPAM, R$  11.37 , OK
LAB.,40301583,HDL,PARTICULAR, R$  20.00 ,
LAB.,40310248,HEMOCULTURA,VALE +/MENSALISTA, R$  56.00 ,
LAB.,40310248,HEMOCULTURA,PARCEIRO/SUS, R$  61.00 ,
LAB.,40310248,HEMOCULTURA,CLINIPAM, R$  -   , NC
LAB.,40310248,HEMOCULTURA,PARTICULAR, R$  66.00 ,
LAB.,40302733,HEMOGLOBINA GLICADA (FRAÃ‡ A1C),VALE +/MENSALISTA, R$  26.00 ,
LAB.,40302733,HEMOGLOBINA GLICADA (FRAÃ‡ A1C),PARCEIRO/SUS, R$  31.00 ,
LAB.,40302733,HEMOGLOBINA GLICADA (FRAÃ‡ A1C),CLINIPAM, R$  26.00 , REAJUSTAR
LAB.,40302733,HEMOGLOBINA GLICADA (FRAÃ‡ A1C),PARTICULAR, R$  36.00 ,
LAB.,40304361,HEMOGRAMA COMPLETO,VALE +/MENSALISTA, R$  18.00 ,
LAB.,40304361,HEMOGRAMA COMPLETO,PARCEIRO/SUS, R$  22.00 ,
LAB.,40304361,HEMOGRAMA COMPLETO,CLINIPAM, R$  14.00 , REAJUSTAR
LAB.,40304361,HEMOGRAMA COMPLETO,PARTICULAR, R$  28.00 ,
LAB.,40307026,HEPATITE C - ANTI-HCV,VALE +/MENSALISTA, R$  60.00 ,
LAB.,40307026,HEPATITE C - ANTI-HCV,PARCEIRO/SUS, R$  65.00 ,
LAB.,40307026,HEPATITE C - ANTI-HCV,CLINIPAM, R$  60.00 , REAJUSTAR
LAB.,40307026,HEPATITE C - ANTI-HCV,PARTICULAR, R$  70.00 ,
LAB.,40307085,HERPES SIMPLES - IGG,VALE +/MENSALISTA, R$  78.00 ,
LAB.,40307085,HERPES SIMPLES - IGG,PARCEIRO/SUS, R$  83.00 ,
LAB.,40307085,HERPES SIMPLES - IGG,CLINIPAM, R$  -   , NC
LAB.,40307085,HERPES SIMPLES - IGG,PARTICULAR, R$  88.00 ,
LAB.,40307093,HERPES SIMPLES - IGM,VALE +/MENSALISTA, R$  78.00 ,
LAB.,40307093,HERPES SIMPLES - IGM,PARCEIRO/SUS, R$  83.00 ,
LAB.,40307093,HERPES SIMPLES - IGM,CLINIPAM, R$  -   , NC
LAB.,40307093,HERPES SIMPLES - IGM,PARTICULAR, R$  88.00 ,
LAB.,50000248,HGT-DIABETE NO DEDO,VALE +/MENSALISTA,,
LAB.,50000248,HGT-DIABETE NO DEDO,PARCEIRO/SUS,,
LAB.,50000248,HGT-DIABETE NO DEDO,CLINIPAM, R$  -   , NC
LAB.,50000248,HGT-DIABETE NO DEDO,PARTICULAR,,
LAB.,40307174,"HIV I, HIV II",VALE +/MENSALISTA, R$  44.00 ,
LAB.,40307174,"HIV I, HIV II",PARCEIRO/SUS, R$  49.00 ,
LAB.,40307174,"HIV I, HIV II",CLINIPAM, R$  46.68 , OK
LAB.,40307174,"HIV I, HIV II",PARTICULAR, R$  54.00 ,
LAB.,40302113,HOMOCISTEINA,VALE +/MENSALISTA, R$  76.00 ,
LAB.,40302113,HOMOCISTEINA,PARCEIRO/SUS, R$  81.00 ,
LAB.,40302113,HOMOCISTEINA,CLINIPAM, R$  -   , NC
LAB.,40302113,HOMOCISTEINA,PARTICULAR, R$  86.00 ,
LAB.,40307263,IGE ALERGENO,PARCEIRO/SUS,,
LAB.,40307263,IGE ALERGENO,VALE +/MENSALISTA,,
LAB.,40307263,IGE ALERGENO,CLINIPAM, R$  11.97 ,VER
LAB.,40307263,IGE ALERGENO,PARTICULAR,,
LAB.,40307255,IGE ESPECIFICO,VALE +/MENSALISTA,,
LAB.,40307255,IGE ESPECIFICO,PARCEIRO/SUS,,
LAB.,40307255,IGE ESPECIFICO,CLINIPAM, R$  -   , NC
LAB.,40307255,IGE ESPECIFICO,PARTICULAR,,
LAB.,40307271,IGE TOTAL,VALE +/MENSALISTA, R$  34.00 ,
LAB.,40307271,IGE TOTAL,PARCEIRO/SUS, R$  39.00 ,
LAB.,40307271,IGE TOTAL,CLINIPAM, R$  34.00 , REAJUSTAR
LAB.,40307271,IGE TOTAL,PARTICULAR, R$  44.00 ,
LAB.,40307972,IMUNOF - MACHADO GUERREIRO,VALE +/MENSALISTA, R$  40.00 ,
LAB.,40307972,IMUNOF - MACHADO GUERREIRO,PARCEIRO/SUS, R$  45.00 ,
LAB.,40307972,IMUNOF - MACHADO GUERREIRO,CLINIPAM, R$  -   , NC
LAB.,40307972,IMUNOF - MACHADO GUERREIRO,PARTICULAR, R$  50.00 ,
LAB.,40321231,INDICE DE SATURAÃ‡ÃƒO,VALE +/MENSALISTA, R$  22.00 ,
LAB.,40321231,INDICE DE SATURAÃ‡ÃƒO,PARCEIRO/SUS, R$  27.00 ,
LAB.,40321231,INDICE DE SATURAÃ‡ÃƒO,CLINIPAM, R$  -   , NC
LAB.,40321231,INDICE DE SATURAÃ‡ÃƒO,PARTICULAR, R$  32.00 ,
LAB.,40316360,INSULINA,VALE +/MENSALISTA, R$  30.00 ,
LAB.,40316360,INSULINA,PARCEIRO/SUS, R$  35.00 ,
LAB.,40316360,INSULINA,CLINIPAM, R$  -   , NC
LAB.,40316360,INSULINA,PARTICULAR, R$  40.00 ,
LAB.,,INSULINA BASAL / JEJUM,VALE +/MENSALISTA, R$  42.00 ,
LAB.,,INSULINA BASAL / JEJUM,PARCEIRO/SUS, R$  47.00 ,
LAB.,,INSULINA BASAL / JEJUM,PARTICULAR, R$  52.00 ,
LAB.,,INSULINA LIVRE,VALE +/MENSALISTA, R$  220.00 ,
LAB.,,INSULINA LIVRE,PARCEIRO/SUS, R$  225.00 ,
LAB.,,INSULINA LIVRE,PARTICULAR, R$  230.00 ,
LAB.,40304639,KTTP - TEMPO TROMBOPLAST,VALE +/MENSALISTA, R$  20.00 ,
LAB.,40304639,KTTP - TEMPO TROMBOPLAST,PARCEIRO/SUS, R$  25.00 ,
LAB.,40304639,KTTP - TEMPO TROMBOPLAST,CLINIPAM, R$  -   , NC
LAB.,40304639,KTTP - TEMPO TROMBOPLAST,PARTICULAR, R$  30.00 ,
LAB.,40302164,LACTOSE,VALE +/MENSALISTA, R$  50.00 ,
LAB.,40302164,LACTOSE,PARCEIRO/SUS, R$  55.00 ,
LAB.,40302164,LACTOSE,CLINIPAM, R$  -   , NC
LAB.,40302164,LACTOSE,PARTICULAR, R$  60.00 ,
LAB.,,LACTOSE 15 MINUTOS,VALE +/MENSALISTA, R$  16.00 ,
LAB.,,LACTOSE 15 MINUTOS,PARCEIRO/SUS, R$  21.00 ,
LAB.,,LACTOSE 15 MINUTOS,PARTICULAR, R$  26.00 ,
LAB.,,LACTOSE 30 MINUTOS,VALE +/MENSALISTA, R$  16.00 ,
LAB.,,LACTOSE 30 MINUTOS,PARCEIRO/SUS, R$  21.00 ,
LAB.,,LACTOSE 30 MINUTOS,PARTICULAR, R$  26.00 ,
LAB.,,LACTOSE 45 MINUTOS,VALE +/MENSALISTA, R$  16.00 ,
LAB.,,LACTOSE 45 MINUTOS,PARCEIRO/SUS, R$  21.00 ,
LAB.,,LACTOSE 45 MINUTOS,PARTICULAR, R$  26.00 ,
LAB.,,LACTOSE 60 MINUTOS,VALE +/MENSALISTA, R$  16.00 ,
LAB.,,LACTOSE 60 MINUTOS,PARCEIRO/SUS, R$  21.00 ,
LAB.,,LACTOSE 60 MINUTOS,PARTICULAR, R$  26.00 ,
LAB.,,LACTOSE BASAL,VALE +/MENSALISTA, R$  16.00 ,
LAB.,,LACTOSE BASAL,PARCEIRO/SUS, R$  21.00 ,
LAB.,,LACTOSE BASAL,PARTICULAR, R$  26.00 ,
LAB.,40304116,LDH,VALE +/MENSALISTA, R$  10.00 ,
LAB.,40304116,LDH,PARCEIRO/SUS, R$  15.00 ,
LAB.,40304116,LDH,CLINIPAM, R$  -   , NC
LAB.,40304116,LDH,PARTICULAR, R$  20.00 ,
LAB.,40301591,LDL,VALE +/MENSALISTA, R$  12.00 ,
LAB.,40301591,LDL,PARCEIRO/SUS, R$  17.00 ,
LAB.,40301591,LDL,CLINIPAM, R$  13.65 , OK
LAB.,40301591,LDL,PARTICULAR, R$  22.00 ,
LAB.,,LEPTINA,VALE +/MENSALISTA, R$  96.00 ,
LAB.,,LEPTINA,PARCEIRO/SUS, R$  101.00 ,
LAB.,,LEPTINA,PARTICULAR, R$  106.00 ,
LAB.,40303098,LEUCOCITOS E HEMACIAS(FEZES),VALE +/MENSALISTA, R$  16.50 ,
LAB.,40303098,LEUCOCITOS E HEMACIAS(FEZES),PARCEIRO/SUS, R$  21.50 ,
LAB.,40303098,LEUCOCITOS E HEMACIAS(FEZES),CLINIPAM, R$  -   , NC
LAB.,40303098,LEUCOCITOS E HEMACIAS(FEZES),PARTICULAR, R$  26.50 ,
LAB.,40316335,LH ( HORMONIO LUTEINIZANTE),VALE +/MENSALISTA, R$  30.00 ,
LAB.,40316335,LH ( HORMONIO LUTEINIZANTE),PARCEIRO/SUS, R$  35.00 ,
LAB.,40316335,LH ( HORMONIO LUTEINIZANTE),CLINIPAM, R$  -   , NC
LAB.,40316335,LH ( HORMONIO LUTEINIZANTE),PARTICULAR, R$  40.00 ,
LAB.,40302199,LIPASE,VALE +/MENSALISTA, R$  14.50 ,
LAB.,40302199,LIPASE,PARCEIRO/SUS, R$  19.50 ,
LAB.,40302199,LIPASE,CLINIPAM, R$  -   , NC
LAB.,40302199,LIPASE,PARTICULAR, R$  24.50 ,
LAB.,40302210,LIPOPROTEINA A,VALE +/MENSALISTA, R$  48.00 ,
LAB.,40302210,LIPOPROTEINA A,PARCEIRO/SUS, R$  53.00 ,
LAB.,40302210,LIPOPROTEINA A,CLINIPAM, R$  -   , NC
LAB.,40302210,LIPOPROTEINA A,PARTICULAR, R$  58.00 ,
LAB.,40302229,LITIO (LITEMIA),VALE +/MENSALISTA, R$  30.00 ,
LAB.,40302229,LITIO (LITEMIA),PARCEIRO/SUS, R$  35.00 ,
LAB.,40302229,LITIO (LITEMIA),CLINIPAM, R$  -   , NC
LAB.,40302229,LITIO (LITEMIA),PARTICULAR, R$  40.00 ,
LAB.,40305775,MACROPROLACTINA,VALE +/MENSALISTA, R$  56.00 ,
LAB.,40305775,MACROPROLACTINA,PARCEIRO/SUS, R$  61.00 ,
LAB.,40305775,MACROPROLACTINA,CLINIPAM, R$  -   , NC
LAB.,40305775,MACROPROLACTINA,PARTICULAR, R$  66.00 ,
LAB.,40302237,MAGNESIO,VALE +/MENSALISTA, R$  11.00 ,
LAB.,40302237,MAGNESIO,PARCEIRO/SUS, R$  16.00 ,
LAB.,40302237,MAGNESIO,CLINIPAM, R$  11.00 , REAJUSTAR
LAB.,40302237,MAGNESIO,PARTICULAR, R$  21.00 ,
LAB.,28150279,MANGANES,VALE +/MENSALISTA, R$  44.00 ,
LAB.,28150279,MANGANES,PARCEIRO/SUS, R$  49.00 ,
LAB.,28150279,MANGANES,CLINIPAM, R$  -   , NC
LAB.,28150279,MANGANES,PARTICULAR, R$  54.00 ,
LAB.,50000264,MARCAD. TUMORAIS (CA 125),VALE +/MENSALISTA, R$  64.00 ,
LAB.,50000264,MARCAD. TUMORAIS (CA 125),PARCEIRO/SUS, R$  69.00 ,
LAB.,50000264,MARCAD. TUMORAIS (CA 125),CLINIPAM, R$  -   , NC
LAB.,50000264,MARCAD. TUMORAIS (CA 125),PARTICULAR, R$  74.00 ,
LAB.,50000265,MARCAD. TUMORAIS (CA 15-3),VALE +/MENSALISTA, R$  64.00 ,
LAB.,50000265,MARCAD. TUMORAIS (CA 15-3),PARCEIRO/SUS, R$  69.00 ,
LAB.,50000265,MARCAD. TUMORAIS (CA 15-3),CLINIPAM, R$  -   , NC
LAB.,50000265,MARCAD. TUMORAIS (CA 15-3),PARTICULAR, R$  74.00 ,
LAB.,40316378,MARCAD. TUMORAIS (CA 19.9),VALE +/MENSALISTA, R$  58.00 ,
LAB.,40316378,MARCAD. TUMORAIS (CA 19.9),PARCEIRO/SUS, R$  63.00 ,
LAB.,40316378,MARCAD. TUMORAIS (CA 19.9),CLINIPAM, R$  -   , NC
LAB.,40316378,MARCAD. TUMORAIS (CA 19.9),PARTICULAR, R$  68.00 ,
LAB.,50000266,MARCAD. TUMORAIS (CA 72-4),VALE +/MENSALISTA, R$  120.00 ,
LAB.,50000266,MARCAD. TUMORAIS (CA 72-4),PARCEIRO/SUS, R$  125.00 ,
LAB.,50000266,MARCAD. TUMORAIS (CA 72-4),CLINIPAM, R$  -   , NC
LAB.,50000266,MARCAD. TUMORAIS (CA 72-4),PARTICULAR, R$  130.00 ,
LAB.,28150163,MERCURIO,VALE +/MENSALISTA, R$  50.00 ,
LAB.,28150163,MERCURIO,PARCEIRO/SUS, R$  55.00 ,
LAB.,28150163,MERCURIO,CLINIPAM, R$  -   , NC
LAB.,28150163,MERCURIO,PARTICULAR, R$  60.00 ,
LAB.,40313204,METANOL,VALE +/MENSALISTA, R$  44.00 ,
LAB.,40313204,METANOL,PARCEIRO/SUS, R$  49.00 ,
LAB.,40313204,METANOL,CLINIPAM, R$  -   , NC
LAB.,40313204,METANOL,PARTICULAR, R$  54.00 ,
LAB.,40313344,METIL ETIL ACETONA,VALE +/MENSALISTA, R$  38.00 ,
LAB.,40313344,METIL ETIL ACETONA,PARCEIRO/SUS, R$  43.00 ,
LAB.,40313344,METIL ETIL ACETONA,CLINIPAM, R$  -   , NC
LAB.,40313344,METIL ETIL ACETONA,PARTICULAR, R$  48.00 ,
LAB.,41301226,MIC UNHAS (DIRETO - LOCAL),VALE +/MENSALISTA, R$  8.00 ,
LAB.,41301226,MIC UNHAS (DIRETO - LOCAL),PARCEIRO/SUS, R$  13.00 ,
LAB.,41301226,MIC UNHAS (DIRETO - LOCAL),CLINIPAM, R$  -   , NC
LAB.,41301226,MIC UNHAS (DIRETO - LOCAL),PARTICULAR, R$  18.00 ,
LAB.,40311171,MICROALBUMINURIAM,VALE +/MENSALISTA, R$  32.00 ,
LAB.,40311171,MICROALBUMINURIAM,PARCEIRO/SUS, R$  37.00 ,
LAB.,40311171,MICROALBUMINURIAM,CLINIPAM, R$  -   , NC
LAB.,40311171,MICROALBUMINURIAM,PARTICULAR, R$  42.00 ,
LAB.,40308340,MONONUCLEOSE,VALE +/MENSALISTA, R$  60.00 ,
LAB.,40308340,MONONUCLEOSE,PARCEIRO/SUS, R$  65.00 ,
LAB.,40308340,MONONUCLEOSE,CLINIPAM, R$  -   , NC
LAB.,40308340,MONONUCLEOSE,PARTICULAR, R$  70.00 ,
LAB.,40307573,"MONONUCLEOSE,ANTI-VCA(EBV)IGG",VALE +/MENSALISTA, R$  60.00 ,
LAB.,40307573,"MONONUCLEOSE,ANTI-VCA(EBV)IGG",PARCEIRO/SUS, R$  65.00 ,
LAB.,40307573,"MONONUCLEOSE,ANTI-VCA(EBV)IGG",CLINIPAM, R$  -   , NC
LAB.,40307573,"MONONUCLEOSE,ANTI-VCA(EBV)IGG",PARTICULAR, R$  70.00 ,
LAB.,40307581,"MONONUCLEOSE,ANTI-VCA(EBV)IGM",VALE +/MENSALISTA, R$  60.00 ,
LAB.,40307581,"MONONUCLEOSE,ANTI-VCA(EBV)IGM",PARCEIRO/SUS, R$  65.00 ,
LAB.,40307581,"MONONUCLEOSE,ANTI-VCA(EBV)IGM",CLINIPAM, R$  -   , NC
LAB.,40307581,"MONONUCLEOSE,ANTI-VCA(EBV)IGM",PARTICULAR, R$  70.00 ,
LAB.,40307565,MONONUCLEOSE-EPSTEIN BARR-IGG,VALE +/MENSALISTA, R$  60.00 ,
LAB.,40307565,MONONUCLEOSE-EPSTEIN BARR-IGG,PARCEIRO/SUS, R$  65.00 ,
LAB.,40307565,MONONUCLEOSE-EPSTEIN BARR-IGG,CLINIPAM, R$  -   , NC
LAB.,40307565,MONONUCLEOSE-EPSTEIN BARR-IGG,PARTICULAR, R$  70.00 ,
LAB.,40302660,MUCOPROTEÃNAS,VALE +/MENSALISTA, R$  16.00 ,
LAB.,40302660,MUCOPROTEÃNAS,PARCEIRO/SUS, R$  21.00 ,
LAB.,40302660,MUCOPROTEÃNAS,CLINIPAM, R$  -   , NC
LAB.,40302660,MUCOPROTEÃNAS,PARTICULAR, R$  26.00 ,
LAB.,28150198,NIQUEL,VALE +/MENSALISTA, R$  44.00 ,
LAB.,28150198,NIQUEL,PARCEIRO/SUS, R$  49.00 ,
LAB.,28150198,NIQUEL,CLINIPAM, R$  -   , NC
LAB.,28150198,NIQUEL,PARTICULAR, R$  54.00 ,
LAB.,,"OXIRUS, PESQUISA",VALE +/MENSALISTA, R$  8.00 ,
LAB.,,"OXIRUS, PESQUISA",PARCEIRO/SUS, R$  13.00 ,
LAB.,,"OXIRUS, PESQUISA",PARTICULAR, R$  18.00 ,
LAB.,,PAINEL DST - PCR,VALE +/MENSALISTA, R$  320.00 ,
LAB.,,PAINEL DST - PCR,PARCEIRO/SUS, R$  325.00 ,
LAB.,,PAINEL DST - PCR,PARTICULAR, R$  330.00 ,
LAB.,40303110,PARASITOLOGICO (EPF),VALE +/MENSALISTA, R$  9.50 ,
LAB.,40303110,PARASITOLOGICO (EPF),VALE +/MENSALISTA, R$  9.50 ,
LAB.,40303110,PARASITOLOGICO (EPF),PARCEIRO/SUS, R$  14.50 ,
LAB.,40303110,PARASITOLOGICO (EPF),PARCEIRO/SUS, R$  14.50 ,
LAB.,40303110,PARASITOLOGICO (EPF),CLINIPAM, R$  12.40 , OK
LAB.,40303110,PARASITOLOGICO (EPF),CLINIPAM, R$  12.40 , OK
LAB.,40303110,PARASITOLOGICO (EPF),PARTICULAR, R$  19.50 ,
LAB.,40303110,PARASITOLOGICO (EPF),PARTICULAR, R$  19.50 ,
LAB.,40305465,PARATORMONIO - PTH,VALE +/MENSALISTA, R$  48.00 ,
LAB.,40305465,PARATORMONIO - PTH,PARCEIRO/SUS, R$  53.00 ,
LAB.,40305465,PARATORMONIO - PTH,CLINIPAM, R$  -   , NC
LAB.,40305465,PARATORMONIO - PTH,PARTICULAR, R$  58.00 ,
LAB.,40302750,PERFIL LIPÃDICO,VALE +/MENSALISTA,,
LAB.,40302750,PERFIL LIPÃDICO,PARCEIRO/SUS,,
LAB.,40302750,PERFIL LIPÃDICO,CLINIPAM, R$  -   , NC
LAB.,40302750,PERFIL LIPÃDICO,PARTICULAR,,
LAB.,40312127,PERFIL REUMATOLOGICO,VALE +/MENSALISTA,,
LAB.,40312127,PERFIL REUMATOLOGICO,PARCEIRO/SUS,,
LAB.,40312127,PERFIL REUMATOLOGICO,CLINIPAM, R$  -   , NC
LAB.,40312127,PERFIL REUMATOLOGICO,PARTICULAR,,
LAB.,50000251,PESQ CHLAMYDIA A FRESCO + BAC ,VALE +/MENSALISTA, R$  24.00 ,
LAB.,50000251,PESQ CHLAMYDIA A FRESCO + BAC ,PARCEIRO/SUS, R$  29.00 ,
LAB.,50000251,PESQ CHLAMYDIA A FRESCO + BAC ,CLINIPAM, R$  -   , NC
LAB.,50000251,PESQ CHLAMYDIA A FRESCO + BAC ,PARTICULAR, R$  34.00 ,
LAB.,40310221,PESQ DE STREPTOCOCOS B,VALE +/MENSALISTA, R$  52.00 ,
LAB.,40310221,PESQ DE STREPTOCOCOS B,PARCEIRO/SUS, R$  57.00 ,
LAB.,40310221,PESQ DE STREPTOCOCOS B,CLINIPAM, R$  -   , NC
LAB.,40310221,PESQ DE STREPTOCOCOS B,PARTICULAR, R$  62.00 ,
LAB.,50000252,PESQ. CHLAMYDIA EM C. CERVICAL,VALE +/MENSALISTA,,
LAB.,50000252,PESQ. CHLAMYDIA EM C. CERVICAL,PARCEIRO/SUS,,
LAB.,50000252,PESQ. CHLAMYDIA EM C. CERVICAL,CLINIPAM, R$  -   , NC
LAB.,50000252,PESQ. CHLAMYDIA EM C. CERVICAL,PARTICULAR,,
LAB.,50000261,PESQUISA PARA BK ,VALE +/MENSALISTA,,
LAB.,50000261,PESQUISA PARA BK ,PARCEIRO/SUS,,
LAB.,50000261,PESQUISA PARA BK ,CLINIPAM, R$  -   , NC
LAB.,50000261,PESQUISA PARA BK ,PARTICULAR,,
LAB.,50000260,PH FEZES,VALE +/MENSALISTA, R$  8.00 ,
LAB.,50000260,PH FEZES,PARCEIRO/SUS, R$  13.00 ,
LAB.,50000260,PH FEZES,CLINIPAM, R$  -   , NC
LAB.,50000260,PH FEZES,PARTICULAR, R$  18.00 ,
LAB.,40304450,PLAQUETAS,VALE +/MENSALISTA, R$  8.00 ,
LAB.,40304450,PLAQUETAS,PARCEIRO/SUS, R$  13.00 ,
LAB.,40304450,PLAQUETAS,CLINIPAM, R$  72.59 , OK
LAB.,40304450,PLAQUETAS,PARTICULAR, R$  18.00 ,
LAB.,40304477,PLASMODIO,VALE +/MENSALISTA, R$  26.00 ,
LAB.,40304477,PLASMODIO,PARCEIRO/SUS, R$  31.00 ,
LAB.,40304477,PLASMODIO,CLINIPAM, R$  -   , NC
LAB.,40304477,PLASMODIO,PARTICULAR, R$  36.00 ,
LAB.,40302318,POTASSIO,VALE +/MENSALISTA, R$  9.50 ,
LAB.,40302318,POTASSIO,PARCEIRO/SUS, R$  14.50 ,
LAB.,40302318,POTASSIO,CLINIPAM, R$  10.00 , REAJUSTAR
LAB.,40302318,POTASSIO,PARTICULAR, R$  19.50 ,
LAB.,40307123,PPD,VALE +/MENSALISTA,,
LAB.,40307123,PPD,PARCEIRO/SUS,,
LAB.,40307123,PPD,CLINIPAM, R$  -   , NC
LAB.,40307123,PPD,PARTICULAR,,
LAB.,41301099,PREVENTIVO,VALE +/MENSALISTA,,
LAB.,41301099,PREVENTIVO,PARCEIRO/SUS,,
LAB.,41301099,PREVENTIVO,CLINIPAM, R$  -   , NC
LAB.,41301099,PREVENTIVO,PARTICULAR,,
LAB.,40316408,PROGESTERONA,VALE +/MENSALISTA, R$  35.00 ,
LAB.,40316408,PROGESTERONA,PARCEIRO/SUS, R$  40.00 ,
LAB.,40316408,PROGESTERONA,CLINIPAM, R$  -   , NC
LAB.,40316408,PROGESTERONA,PARTICULAR, R$  45.00 ,
LAB.,40316416,PROLACTINA,VALE +/MENSALISTA, R$  34.00 ,
LAB.,40316416,PROLACTINA,PARCEIRO/SUS, R$  39.00 ,
LAB.,40316416,PROLACTINA,CLINIPAM, R$  35.98 , OK
LAB.,40316416,PROLACTINA,PARTICULAR, R$  44.00 ,
LAB.,40302385,PROT TOTAIS ALB/GLOB,VALE +/MENSALISTA, R$  16.00 ,
LAB.,40302385,PROT TOTAIS ALB/GLOB,PARCEIRO/SUS, R$  21.00 ,
LAB.,40302385,PROT TOTAIS ALB/GLOB,CLINIPAM, R$  -   , NC
LAB.,40302385,PROT TOTAIS ALB/GLOB,PARTICULAR, R$  26.00 ,
LAB.,50000253,PROT TOTAL + FRAÃ‡,VALE +/MENSALISTA, R$  16.00 ,
LAB.,50000253,PROT TOTAL + FRAÃ‡,PARCEIRO/SUS, R$  21.00 ,
LAB.,50000253,PROT TOTAL + FRAÃ‡,CLINIPAM, R$  -   , NC
LAB.,50000253,PROT TOTAL + FRAÃ‡,PARTICULAR, R$  26.00 ,
LAB.,40308391,PROTEINA C REATIVA - ( QUANT ),VALE +/MENSALISTA, R$  26.00 ,
LAB.,40308391,PROTEINA C REATIVA - ( QUANT ),PARCEIRO/SUS, R$  31.00 ,
LAB.,40308391,PROTEINA C REATIVA - ( QUANT ),CLINIPAM, R$  -   , NC
LAB.,40308391,PROTEINA C REATIVA - ( QUANT ),PARTICULAR, R$  36.00 ,
LAB.,,PROTEINA TOTAIS,VALE +/MENSALISTA, R$  16.00 ,
LAB.,,PROTEINA TOTAIS,PARCEIRO/SUS, R$  21.00 ,
LAB.,,PROTEINA TOTAIS,PARTICULAR, R$  26.00 ,
LAB.,,PROTEINAS TOTAIS E FRAÇÕES,VALE +/MENSALISTA, R$  16.00 ,
LAB.,,PROTEINAS TOTAIS E FRAÇÕES,PARCEIRO/SUS, R$  21.00 ,
LAB.,,PROTEINAS TOTAIS E FRAÇÕES,PARTICULAR, R$  26.00 ,
LAB.,,PROTEINURIA 24 HORAS,VALE +/MENSALISTA, R$  30.00 ,
LAB.,,PROTEINURIA 24 HORAS,PARCEIRO/SUS, R$  35.00 ,
LAB.,,PROTEINURIA 24 HORAS,PARTICULAR, R$  40.00 ,
LAB.,40316130,PSA LIVRE,VALE +/MENSALISTA, R$  38.00 ,
LAB.,40316130,PSA LIVRE,PARCEIRO/SUS, R$  43.00 ,
LAB.,40316130,PSA LIVRE,CLINIPAM, R$  -   , NC
LAB.,40316130,PSA LIVRE,PARTICULAR, R$  48.00 ,
LAB.,40316149,PSA TOTAL,VALE +/MENSALISTA, R$  26.00 ,
LAB.,40316149,PSA TOTAL,PARCEIRO/SUS, R$  31.00 ,
LAB.,40316149,PSA TOTAL,CLINIPAM, R$  -   , NC
LAB.,40316149,PSA TOTAL,PARTICULAR, R$  36.00 ,
LAB.,40304558,RETICULOCITOS,VALE +/MENSALISTA, R$  11.00 ,
LAB.,40304558,RETICULOCITOS,PARCEIRO/SUS, R$  16.00 ,
LAB.,40304558,RETICULOCITOS,CLINIPAM, R$  -   , NC
LAB.,40304558,RETICULOCITOS,PARTICULAR, R$  21.00 ,
LAB.,40310337,"ROTAVIRUS, PESQUISA, ELISA",VALE +/MENSALISTA, R$  64.00 ,
LAB.,40310337,"ROTAVIRUS, PESQUISA, ELISA",PARCEIRO/SUS, R$  69.00 ,
LAB.,40310337,"ROTAVIRUS, PESQUISA, ELISA",CLINIPAM, R$  -   , NC
LAB.,40310337,"ROTAVIRUS, PESQUISA, ELISA",PARTICULAR, R$  74.00 ,
LAB.,40307697,RUBEOLA - IGG,VALE +/MENSALISTA, R$  32.00 ,
LAB.,40307697,RUBEOLA - IGG,PARCEIRO/SUS, R$  37.00 ,
LAB.,40307697,RUBEOLA - IGG,CLINIPAM, R$  46.68 , OK
LAB.,40307697,RUBEOLA - IGG,PARTICULAR, R$  42.00 ,
LAB.,40307700,RUBEOLA - IGM,VALE +/MENSALISTA, R$  36.00 ,
LAB.,40307700,RUBEOLA - IGM,PARCEIRO/SUS, R$  41.00 ,
LAB.,40307700,RUBEOLA - IGM,CLINIPAM, R$  40.70 , OK
LAB.,40307700,RUBEOLA - IGM,PARTICULAR, R$  46.00 ,
LAB.,40303136,SANGUE OCULTO NAS FEZES,VALE +/MENSALISTA, R$  9.00 ,
LAB.,40303136,SANGUE OCULTO NAS FEZES,PARCEIRO/SUS, R$  14.00 ,
LAB.,40303136,SANGUE OCULTO NAS FEZES,CLINIPAM, R$  12.40 , OK
LAB.,40303136,SANGUE OCULTO NAS FEZES,PARTICULAR, R$  19.00 ,
LAB.,40316459,S-DHEA (SULFATO),VALE +/MENSALISTA, R$  50.00 ,
LAB.,40316459,S-DHEA (SULFATO),PARCEIRO/SUS, R$  55.00 ,
LAB.,40316459,S-DHEA (SULFATO),CLINIPAM, R$  -   , NC
LAB.,40316459,S-DHEA (SULFATO),PARTICULAR, R$  60.00 ,
LAB.,,SELENIO SERICO,VALE +/MENSALISTA, R$  50.00 ,
LAB.,,SELENIO SERICO,PARCEIRO/SUS, R$  55.00 ,
LAB.,,SELENIO SERICO,PARTICULAR, R$  60.00 ,
LAB.,,SEROTONINA,VALE +/MENSALISTA, R$  76.00 ,
LAB.,,SEROTONINA,PARCEIRO/SUS, R$  81.00 ,
LAB.,,SEROTONINA,PARTICULAR, R$  86.00 ,
LAB.,,SEXAGEM FETAL,VALE +/MENSALISTA, R$  360.00 ,
LAB.,,SEXAGEM FETAL,PARCEIRO/SUS, R$  365.00 ,
LAB.,,SEXAGEM FETAL,CLINIPAM, R$  -   , NC
LAB.,,SEXAGEM FETAL,PARTICULAR, R$  370.00 ,
LAB.,40316300,SHBG,VALE +/MENSALISTA, R$  64.00 ,
LAB.,40316300,SHBG,PARCEIRO/SUS, R$  69.00 ,
LAB.,40316300,SHBG,CLINIPAM, R$  -   , NC
LAB.,40316300,SHBG,PARTICULAR, R$  74.00 ,
LAB.,40302423,SODIO,VALE +/MENSALISTA, R$  9.50 ,
LAB.,40302423,SODIO,PARCEIRO/SUS, R$  14.50 ,
LAB.,40302423,SODIO,CLINIPAM, R$  10.00 , REAJUSTAR
LAB.,40302423,SODIO,PARTICULAR, R$  19.50 ,
LAB.,40316440,SOMATOMEDINA,VALE +/MENSALISTA, R$  64.00 ,
LAB.,40316440,SOMATOMEDINA,PARCEIRO/SUS, R$  69.00 ,
LAB.,40316440,SOMATOMEDINA,CLINIPAM, R$  -   , NC
LAB.,40316440,SOMATOMEDINA,PARTICULAR, R$  74.00 ,
LAB.,40302431,SUCCINIL ACETONA,VALE +/MENSALISTA, ver,
LAB.,40302431,SUCCINIL ACETONA,PARCEIRO/SUS, ver,
LAB.,40302431,SUCCINIL ACETONA,CLINIPAM, R$  -   , NC
LAB.,40302431,SUCCINIL ACETONA,PARTICULAR, ver,
LAB.,40303020,SWAB ANAL ( OXIÃšRIOS ),VALE +/MENSALISTA, R$  8.00 ,
LAB.,40303020,SWAB ANAL ( OXIÃšRIOS ),PARCEIRO/SUS, R$  13.00 ,
LAB.,40303020,SWAB ANAL ( OXIÃšRIOS ),CLINIPAM, R$  -   , NC
LAB.,40303020,SWAB ANAL ( OXIÃšRIOS ),PARTICULAR, R$  18.00 ,
LAB.,40312380,SWAB FARINGEO,VALE +/MENSALISTA, R$  52.00 ,
LAB.,40312380,SWAB FARINGEO,PARCEIRO/SUS, R$  57.00 ,
LAB.,40312380,SWAB FARINGEO,CLINIPAM, R$  -   , NC
LAB.,40312380,SWAB FARINGEO,PARTICULAR, R$  62.00 ,
LAB.,,T3 - REVERSO,VALE +/MENSALISTA, R$  84.00 ,
LAB.,,T3 - REVERSO,PARCEIRO/SUS, R$  89.00 ,
LAB.,,T3 - REVERSO,PARTICULAR, R$  94.00 ,
LAB.,40316556,T3 - TRIIODOTIRONINA,VALE +/MENSALISTA, R$  30.00 ,
LAB.,40316556,T3 - TRIIODOTIRONINA,PARCEIRO/SUS, R$  35.00 ,
LAB.,40316556,T3 - TRIIODOTIRONINA,CLINIPAM, R$  -   , NC
LAB.,40316556,T3 - TRIIODOTIRONINA,PARTICULAR, R$  40.00 ,
LAB.,40316467,T3 LIVRE,VALE +/MENSALISTA, R$  44.00 ,
LAB.,40316467,T3 LIVRE,PARCEIRO/SUS, R$  49.00 ,
LAB.,40316467,T3 LIVRE,CLINIPAM, R$  44.00 , REAJUSTAR
LAB.,40316467,T3 LIVRE,PARTICULAR, R$  54.00 ,
LAB.,40316483,T3 REVERSO,VALE +/MENSALISTA, R$  84.00 ,
LAB.,40316483,T3 REVERSO,PARCEIRO/SUS, R$  89.00 ,
LAB.,40316483,T3 REVERSO,CLINIPAM, R$  90.46 , OK
LAB.,40316483,T3 REVERSO,PARTICULAR, R$  94.00 ,
LAB.,,T3 TOTAL,VALE +/MENSALISTA, R$  30.00 ,
LAB.,,T3 TOTAL,PARCEIRO/SUS, R$  35.00 ,
LAB.,,T3 TOTAL,PARTICULAR, R$  40.00 ,
LAB.,40316491,T4 LIVRE,VALE +/MENSALISTA, R$  36.00 ,
LAB.,40316491,T4 LIVRE,PARCEIRO/SUS, R$  41.00 ,
LAB.,40316491,T4 LIVRE,CLINIPAM, R$  36.00 , REAJUSTAR
LAB.,40316491,T4 LIVRE,PARTICULAR, R$  46.00 ,
LAB.,40316548,T4 TOTAL - TIROXINA,VALE +/MENSALISTA, R$  36.00 ,
LAB.,40316548,T4 TOTAL - TIROXINA,PARCEIRO/SUS, R$  41.00 ,
LAB.,40316548,T4 TOTAL - TIROXINA,CLINIPAM, R$  36.00 , REAJUSTAR
LAB.,40316548,T4 TOTAL - TIROXINA,PARTICULAR, R$  46.00 ,
LAB.,40304590,TAP - TEMPO DE PROTROMBINA,VALE +/MENSALISTA, R$  18.00 ,
LAB.,40304590,TAP - TEMPO DE PROTROMBINA,PARCEIRO/SUS, R$  23.00 ,
LAB.,40304590,TAP - TEMPO DE PROTROMBINA,CLINIPAM, R$  -   , NC
LAB.,40304590,TAP - TEMPO DE PROTROMBINA,PARTICULAR, R$  28.00 ,
LAB.,50000259,TESTE DE GLÃšTEM IGA E IGG,VALE +/MENSALISTA, ver,
LAB.,50000259,TESTE DE GLÃšTEM IGA E IGG,PARCEIRO/SUS, ver,
LAB.,50000259,TESTE DE GLÃšTEM IGA E IGG,CLINIPAM, R$  -   , NC
LAB.,50000259,TESTE DE GLÃšTEM IGA E IGG,PARTICULAR, ver,
LAB.,,TESTE DE TOLERANCIA A LACTOSE,VALE +/MENSALISTA, R$  50.00 ,
LAB.,,TESTE DE TOLERANCIA A LACTOSE,PARCEIRO/SUS, R$  55.00 ,
LAB.,,TESTE DE TOLERANCIA A LACTOSE,PARTICULAR, R$  60.00 ,
LAB.,50000249,TESTE GEN INTOLERANCIA LACTOSE,VALE +/MENSALISTA, ver,
LAB.,50000249,TESTE GEN INTOLERANCIA LACTOSE,PARCEIRO/SUS, ver,
LAB.,50000249,TESTE GEN INTOLERANCIA LACTOSE,CLINIPAM, R$  -   , NC
LAB.,50000249,TESTE GEN INTOLERANCIA LACTOSE,PARTICULAR, ver,
LAB.,,TESTOSTERONA BIOD.,VALE +/MENSALISTA, R$  130.00 ,
LAB.,,TESTOSTERONA BIOD.,PARCEIRO/SUS, R$  135.00 ,
LAB.,,TESTOSTERONA BIOD.,PARTICULAR, R$  140.00 ,
LAB.,40316505,TESTOSTERONA LIVRE,VALE +/MENSALISTA, R$  40.00 ,
LAB.,40316505,TESTOSTERONA LIVRE,PARCEIRO/SUS, R$  45.00 ,
LAB.,40316505,TESTOSTERONA LIVRE,CLINIPAM, R$  52.68 , OK
LAB.,40316505,TESTOSTERONA LIVRE,PARTICULAR, R$  50.00 ,
LAB.,40316513,TESTOSTERONA TOTAL,VALE +/MENSALISTA, R$  40.00 ,
LAB.,40316513,TESTOSTERONA TOTAL,PARCEIRO/SUS, R$  45.00 ,
LAB.,40316513,TESTOSTERONA TOTAL,CLINIPAM, R$  40.00 , REAJUSTAR
LAB.,40316513,TESTOSTERONA TOTAL,PARTICULAR, R$  50.00 ,
LAB.,40302504,TGO,VALE +/MENSALISTA, R$  9.50 ,
LAB.,40302504,TGO,PARCEIRO/SUS, R$  14.50 ,
LAB.,40302504,TGO,CLINIPAM, R$  10.00 , REAJUSTAR
LAB.,40302504,TGO,PARTICULAR, R$  19.50 ,
LAB.,40302512,TGP,VALE +/MENSALISTA, R$  9.50 ,
LAB.,40302512,TGP,PARCEIRO/SUS, R$  14.50 ,
LAB.,40302512,TGP,CLINIPAM, R$  10.00 , REAJUSTAR
LAB.,40302512,TGP,PARTICULAR, R$  19.50 ,
LAB.,40316530,TIREOGLOBULINA,VALE +/MENSALISTA, R$  40.00 ,
LAB.,40316530,TIREOGLOBULINA,PARCEIRO/SUS, R$  45.00 ,
LAB.,40316530,TIREOGLOBULINA,CLINIPAM, R$  40.00 , REAJUSTAR
LAB.,40316530,TIREOGLOBULINA,PARTICULAR, R$  50.00 ,
LAB.,50000172,TOXICOLÃ“GICO - CABELO,VALE +/MENSALISTA, R$  150.00 ,
LAB.,50000172,TOXICOLÃ“GICO - CABELO,PARCEIRO/SUS, R$  150.00 ,
LAB.,50000172,TOXICOLÃ“GICO - CABELO,PARTICULAR, R$  150.00 ,
LAB.,50000267,TOXICOLÃ“GICO - URINA,VALE +/MENSALISTA, R$  150.00 ,
LAB.,50000267,TOXICOLÃ“GICO - URINA,PARCEIRO/SUS, R$  150.00 ,
LAB.,50000267,TOXICOLÃ“GICO - URINA,PARTICULAR, R$  150.00 ,
LAB.,40307794,TOXOCARA CANNIS - IGG,VALE +/MENSALISTA, R$  70.00 ,
LAB.,40307794,TOXOCARA CANNIS - IGG,PARCEIRO/SUS, R$  75.00 ,
LAB.,40307794,TOXOCARA CANNIS - IGG,CLINIPAM, R$  -   , NC
LAB.,40307794,TOXOCARA CANNIS - IGG,PARTICULAR, R$  80.00 ,
LAB.,40307808,TOXOCARA CANNIS - IGM,VALE +/MENSALISTA, R$  70.00 ,
LAB.,40307808,TOXOCARA CANNIS - IGM,PARCEIRO/SUS, R$  75.00 ,
LAB.,40307808,TOXOCARA CANNIS - IGM,CLINIPAM, R$  -   , NC
LAB.,40307808,TOXOCARA CANNIS - IGM,PARTICULAR, R$  80.00 ,
LAB.,40307824,TOXOPLASMOSE IGG,VALE +/MENSALISTA, R$  24.00 ,
LAB.,40307824,TOXOPLASMOSE IGG,PARCEIRO/SUS, R$  29.00 ,
LAB.,40307824,TOXOPLASMOSE IGG,CLINIPAM, R$  49.56 , OK
LAB.,40307824,TOXOPLASMOSE IGG,PARTICULAR, R$  34.00 ,
LAB.,40307832,TOXOPLASMOSE IGM,VALE +/MENSALISTA, R$  30.00 ,
LAB.,40307832,TOXOPLASMOSE IGM,PARCEIRO/SUS, R$  35.00 ,
LAB.,40307832,TOXOPLASMOSE IGM,CLINIPAM, R$  61.05 , OK
LAB.,40307832,TOXOPLASMOSE IGM,PARTICULAR, R$  40.00 ,
LAB.,40302520,TRANSFERRINA,VALE +/MENSALISTA, R$  28.00 ,
LAB.,40302520,TRANSFERRINA,PARCEIRO/SUS, R$  33.00 ,
LAB.,40302520,TRANSFERRINA,CLINIPAM, R$  28.00 , REAJUSTAR
LAB.,40302520,TRANSFERRINA,PARTICULAR, R$  38.00 ,
LAB.,50000268,TRANSGLUTAMINASE,VALE +/MENSALISTA, R$  80.00 ,
LAB.,50000268,TRANSGLUTAMINASE,PARCEIRO/SUS, R$  85.00 ,
LAB.,50000268,TRANSGLUTAMINASE,CLINIPAM, R$  -   , NC
LAB.,50000268,TRANSGLUTAMINASE,PARTICULAR, R$  90.00 ,
LAB.,40302547,TRIGLICERIDEOS,VALE +/MENSALISTA, R$  9.50 ,
LAB.,40302547,TRIGLICERIDEOS,PARCEIRO/SUS, R$  14.50 ,
LAB.,40302547,TRIGLICERIDEOS,CLINIPAM, R$  10.00 , REAJUSTAR
LAB.,40302547,TRIGLICERIDEOS,PARTICULAR, R$  19.50 ,
LAB.,40316521,TSH,VALE +/MENSALISTA, R$  30.00 ,
LAB.,40316521,TSH,PARCEIRO/SUS, R$  35.00 ,
LAB.,40316521,TSH,CLINIPAM, R$  30.00 , REAJUSTAR
LAB.,40316521,TSH,PARTICULAR, R$  40.00 ,
LAB.,,TTPA,VALE +/MENSALISTA, R$  20.00 ,
LAB.,,TTPA,PARCEIRO/SUS, R$  25.00 ,
LAB.,,TTPA,PARTICULAR, R$  30.00 ,
LAB.,40302580,UREIA,VALE +/MENSALISTA, R$  9.50 ,
LAB.,40302580,UREIA,PARCEIRO/SUS, R$  14.50 ,
LAB.,40302580,UREIA,CLINIPAM, R$  10.00 , REAJUSTAR
LAB.,40302580,UREIA,PARTICULAR, R$  19.50 ,
LAB.,40307760,VDRL,VALE +/MENSALISTA, R$  12.00 ,
LAB.,40307760,VDRL,PARCEIRO/SUS, R$  17.00 ,
LAB.,40307760,VDRL,CLINIPAM, R$  12.00 , REAJUSTAR
LAB.,40307760,VDRL,PARTICULAR, R$  22.00 ,
LAB.,40304370,VHS,VALE +/MENSALISTA, R$  15.00 ,
LAB.,40304370,VHS,PARCEIRO/SUS, R$  20.00 ,
LAB.,40304370,VHS,CLINIPAM, R$  15.00 , REAJUSTAR
LAB.,40304370,VHS,PARTICULAR, R$  25.00 ,
LAB.,40302601,VITAMINA A,VALE +/MENSALISTA, R$  90.00 ,
LAB.,40302601,VITAMINA A,PARCEIRO/SUS, R$  95.00 ,
LAB.,40302601,VITAMINA A,CLINIPAM, R$  -   , NC
LAB.,40302601,VITAMINA A,PARTICULAR, R$  100.00 ,
LAB.,40316572,VITAMINA B12,VALE +/MENSALISTA, R$  34.00 ,
LAB.,40316572,VITAMINA B12,PARCEIRO/SUS, R$  39.00 ,
LAB.,40316572,VITAMINA B12,CLINIPAM, R$  34.00 , REAJUSTAR
LAB.,40316572,VITAMINA B12,PARTICULAR, R$  44.00 ,
LAB.,,VITAMINA C,VALE +/MENSALISTA, R$  90.00 ,
LAB.,,VITAMINA C,PARCEIRO/SUS, R$  95.00 ,
LAB.,,VITAMINA C,PARTICULAR, R$  100.00 ,
LAB.,,VITAMINA C,VALE +/MENSALISTA, R$  90.00 ,
LAB.,,VITAMINA C,PARCEIRO/SUS, R$  95.00 ,
LAB.,,VITAMINA C,PARTICULAR, R$  100.00 ,
LAB.,40302830,VITAMINA D,VALE +/MENSALISTA, R$  60.00 ,
LAB.,40302830,VITAMINA D,PARCEIRO/SUS, R$  65.00 ,
LAB.,40302830,VITAMINA D,CLINIPAM, R$  60.00 , REAJUSTAR
LAB.,40302830,VITAMINA D,PARTICULAR, R$  70.00 ,
LAB.,,VITAMINA D 25 DIHIDROXI,VALE +/MENSALISTA, R$  60.00 ,
LAB.,,VITAMINA D 25 DIHIDROXI,PARCEIRO/SUS, R$  65.00 ,
LAB.,,VITAMINA D 25 DIHIDROXI,PARTICULAR, R$  70.00 ,
LAB.,,VITAMINA D 25 OH,VALE +/MENSALISTA, R$  60.00 ,
LAB.,,VITAMINA D 25 OH,PARCEIRO/SUS, R$  65.00 ,
LAB.,,VITAMINA D 25 OH,PARTICULAR, R$  70.00 ,
LAB.,,VITAMINA E,VALE +/MENSALISTA, R$  210.00 ,
LAB.,,VITAMINA E,PARCEIRO/SUS, R$  215.00 ,
LAB.,,VITAMINA E,PARTICULAR, R$  220.00 ,
LAB.,40307867,WAALER-ROSE,VALE +/MENSALISTA, R$  9.00 ,
LAB.,40307867,WAALER-ROSE,PARCEIRO/SUS, R$  14.00 ,
LAB.,40307867,WAALER-ROSE,CLINIPAM, R$  -   , NC
LAB.,40307867,WAALER-ROSE,PARTICULAR, R$  19.00 ,
LAB.,40313328,ZINCO  ,VALE +/MENSALISTA, R$  36.00 ,
LAB.,40313328,ZINCO  ,PARCEIRO/SUS, R$  41.00 ,
LAB.,40313328,ZINCO  ,CLINIPAM, R$  -   , NC
LAB.,40313328,ZINCO  ,PARTICULAR, R$  46.00 ,
LAB.,40304523,ZINCO PROTOPORFIRINA ,VALE +/MENSALISTA, R$  56.00 ,
LAB.,40304523,ZINCO PROTOPORFIRINA ,PARCEIRO/SUS, R$  61.00 ,
LAB.,40304523,ZINCO PROTOPORFIRINA ,CLINIPAM, R$  -   , NC
LAB.,40304523,ZINCO PROTOPORFIRINA ,PARTICULAR, R$  66.00 ,